id,image,name,product_id,name_en,name_kr,name_ru,name_uz
106,images/pista_2.jpg,pista_pista 2.jpg,43,pista_pista 2.jpg,,,
107,images/pista_3_z3LK6mW.jpg,pista_pista 3.jpg,43,pista_pista 3.jpg,,,
114,images/pis1.jpg,pista_pis1.jpg,44,pista_pis1.jpg,,,
115,images/piss_2.jpg,pista_piss 2.jpg,44,pista_piss 2.jpg,,,
844,images/MAKKA_JOXORI_KATTA.jpg,MAKKA JOXORI 400GR_MAKKA JOXORI KATTA.jpg,589,MAKKA JOXORI 400GR_MAKKA JOXORI KATTA.jpg,,,
845,images/BONDUELLE_NOXOT.jpg,BONDUELLE KUKURUZ_BONDUELLE NOXOT.jpg,590,BONDUELLE KUKURUZ_BONDUELLE NOXOT.jpg,,,
120,images/spaghetti_2.jpg,“Царь“ Spagetti_spaghetti 2.jpg,48,“Царь“ Spagetti_spaghetti 2.jpg,,,
121,images/spaghetti.jpg,“Царь“ Spagetti_spaghetti.jpg,48,“Царь“ Spagetti_spaghetti.jpg,,,
122,images/garofalo.jpg,“Garofalo” spagetti_garofalo.jpg,49,“Garofalo” spagetti_garofalo.jpg,,,
123,images/ubelka.jpg,“Убелка” spagetti_ubelka.jpg,50,“Убелка” spagetti_ubelka.jpg,,,
21,images/Qoy_oldi_son_cowhqzp.jpg,qoy oldi son_Qoy oldi son.jpg,1,qoy oldi son_Qoy oldi son.jpg,,,
22,images/qiyma.jpg,Qo’y Qiyma_qiyma.jpg,3,Qo’y Qiyma_qiyma.jpg,,,
23,images/a21_U.jpg,s21 ultira_a21 U.jpg,2,s21 ultira_a21 U.jpg,,,
24,images/air_sss.jpg,Incheon-Toshkent-Incheon_air sss.jpg,7,Incheon-Toshkent-Incheon_air sss.jpg,,,
846,images/NOXOT.jpg,NOXOT GREENFIELD_NOXOT.jpg,591,NOXOT GREENFIELD_NOXOT.jpg,,,
26,images/mars.jpg,Mars shokalad_mars.jpg,10,Mars shokalad_mars.jpg,,,
126,images/agnesi_2.jpg,“AGNESI” Spagetti_agnesi 2.jpg,52,“AGNESI” Spagetti_agnesi 2.jpg,,,
127,images/agnesi.jpg,“AGNESI” Spagetti_agnesi.jpg,52,“AGNESI” Spagetti_agnesi.jpg,,,
32,images/samarqand_non_dw9h9o2.jpg,Samarqand non_samarqand non.jpg,15,Samarqand non_samarqand non.jpg,,,
128,images/makfa_t.jpg,“MAKFA” Makaron_makfa t.jpg,53,“MAKFA” Makaron_makfa t.jpg,,,
34,images/moxito.jpg,Moxito_moxito.jpg,16,Moxito_moxito.jpg,,,
938,images/maxi_choy.jpg,Maxi choy greyfruit_maxi choy.jpg,679,Maxi choy greyfruit_maxi choy.jpg,,,
38,images/5_liter.jpg,Kungaboqar Yog'i 5 liter_5 liter.jpg,20,Kungaboqar Yog'i 5 liter_5 liter.jpg,,,
939,images/borjomi.jpg,Borjomi 0.5_borjomi.jpg,680,Borjomi 0.5_borjomi.jpg,,,
131,images/makfa_700g.jpg,“MAKFA” Makaron 700G_makfa 700g.jpg,54,“MAKFA” Makaron 700G_makfa 700g.jpg,,,
42,images/dena_so7RtE8.jpg,DENA GILOSLI_dena.jpg,19,DENA GILOSLI_dena.jpg,,,
43,images/baunty_-_복사본.jpg,Baunty_baunty - 복사본.jpg,23,Baunty_baunty - 복사본.jpg,,,
44,images/metro.jpg,Mars_metro.jpg,24,Mars_metro.jpg,,,
45,images/kolbasa.jpg,Royal food 1kg_kolbasa.jpg,25,Royal food 1kg_kolbasa.jpg,,,
48,images/Halol_kolbasa_uKhHJ0v.jpg,Royal food_Halol kolbasa.jpg,26,Royal food_Halol kolbasa.jpg,,,
49,images/snickers.jpg,Snickers_snickers.jpg,27,Snickers_snickers.jpg,,,
50,images/qalbasassssss.jpg,DOKTORSKAYA_qalbasassssss.jpg,28,DOKTORSKAYA_qalbasassssss.jpg,,,
940,images/borjomi_baklashka.jpg,Borjomi baklashkali 0.5_borjomi baklashka.jpg,681,Borjomi baklashkali 0.5_borjomi baklashka.jpg,,,
57,images/qalbasa_SFw4azt.jpg,Molochnaya_qalbasa.jpg,31,Molochnaya_qalbasa.jpg,,,
58,images/dddddddd.jpg,ELITNAYA_dddddddd.jpg,32,ELITNAYA_dddddddd.jpg,,,
60,images/LYUBITSKAYAS.jpg,LYUBITELSKAYA_LYUBITSKAYAS.jpg,33,LYUBITELSKAYA_LYUBITSKAYAS.jpg,,,
78,images/ANCHOR_nLODMv0.jpg,Anchor sariyog’_ANCHOR.jpg,37,Anchor sariyog’_ANCHOR.jpg,,,
79,images/PICKLES.jpg,Tuzlangan bodring_PICKLES.jpg,38,Tuzlangan bodring_PICKLES.jpg,,,
80,images/TOMATO_2.jpg,Tuzlangan pomidor_TOMATO 2.jpg,39,Tuzlangan pomidor_TOMATO 2.jpg,,,
81,images/TOMATO_11.jpg,Tuzlangan pomidor_TOMATO 11.jpg,39,Tuzlangan pomidor_TOMATO 11.jpg,,,
941,images/lipton_choy.jpg,Lipton choy_lipton choy.jpg,682,Lipton choy_lipton choy.jpg,,,
136,images/makfa_dd_euM87mS.jpg,“MAKIZ” Makaron_makfa dd.jpg,55,“MAKIZ” Makaron_makfa dd.jpg,,,
137,images/makfa_dd2_ZwlImAP.jpg,“MAKIZ” Makaron_makfa dd2.jpg,55,“MAKIZ” Makaron_makfa dd2.jpg,,,
138,images/MAKIZ_40000.jpg,“MAKIZ” Makaron 400g_MAKIZ 40000.jpg,56,“MAKIZ” Makaron 400g_MAKIZ 40000.jpg,,,
139,images/MAKIZ1111.jpg,“MAKIZ” Makaron_MAKIZ1111.jpg,57,“MAKIZ” Makaron_MAKIZ1111.jpg,,,
140,images/MAKIZ_22222.jpg,“MAKIZ” Makaron_MAKIZ 22222.jpg,57,“MAKIZ” Makaron_MAKIZ 22222.jpg,,,
141,images/SHILPILDOQ_1.jpg,“MAKIZ” Shilpildoq_SHILPILDOQ 1.jpg,58,“MAKIZ” Shilpildoq_SHILPILDOQ 1.jpg,,,
142,images/SHILPILDOQ_2.jpg,“MAKIZ” Shilpildoq_SHILPILDOQ 2.jpg,58,“MAKIZ” Shilpildoq_SHILPILDOQ 2.jpg,,,
143,images/MAKIZ_2345.jpg,“MAKIZ” Makaron_MAKIZ 2345.jpg,59,“MAKIZ” Makaron_MAKIZ 2345.jpg,,,
144,images/DDDDDDDDDD.jpg,“MAKIZ” prujina makaron 700G_DDDDDDDDDD.jpg,60,“MAKIZ” prujina makaron 700G_DDDDDDDDDD.jpg,,,
145,images/PPPPP_2.jpg,крупные шпроты в масле_PPPPP 2.jpg,61,крупные шпроты в масле_PPPPP 2.jpg,,,
146,images/PPPPPP_1.jpg,крупные шпроты в масле_PPPPPP 1.jpg,61,крупные шпроты в масле_PPPPPP 1.jpg,,,
847,images/YASHIL_GOROXX.jpg,GOROX YASHIL_YASHIL GOROXX.jpg,592,GOROX YASHIL_YASHIL GOROXX.jpg,,,
848,images/LIMON_SIRKASI.jpg,LIMON SIRKASI_LIMON SIRKASI.jpg,593,LIMON SIRKASI_LIMON SIRKASI.jpg,,,
151,images/shprot_11111.jpg,Dudlangan shprot_shprot 11111.jpg,65,Dudlangan shprot_shprot 11111.jpg,,,
152,images/shprot_33333.jpg,Dudlangan shprot_shprot 33333.jpg,65,Dudlangan shprot_shprot 33333.jpg,,,
153,images/santa_bremor.jpg,Santa Bremor_santa bremor.jpg,66,Santa Bremor_santa bremor.jpg,,,
154,images/uyalar.jpg,Makfa uyalar_uyalar.jpg,67,Makfa uyalar_uyalar.jpg,,,
155,images/bodring_22.jpg,Tuzlama bodring_bodring 22.jpg,68,Tuzlama bodring_bodring 22.jpg,,,
156,images/bodring_222.jpg,Tuzlama bodring_bodring 222.jpg,68,Tuzlama bodring_bodring 222.jpg,,,
849,images/OLIVKA.jpg,OLIVKA_OLIVKA.jpg,594,OLIVKA_OLIVKA.jpg,,,
850,images/NUTELLA_KATTA.jpg,NUTELLA KATTA_NUTELLA KATTA.jpg,595,NUTELLA KATTA_NUTELLA KATTA.jpg,,,
159,images/baqlajon_2.jpg,Baqlajon salat_baqlajon 2.jpg,70,Baqlajon salat_baqlajon 2.jpg,,,
160,images/baqlajon.jpg,Baqlajon salat_baqlajon.jpg,70,Baqlajon salat_baqlajon.jpg,,,
851,images/NUTELLA_KICHIK.jpg,NUTELLA 380GR KICHIK_NUTELLA KICHIK.jpg,596,NUTELLA 380GR KICHIK_NUTELLA KICHIK.jpg,,,
852,images/SHKALAD_CARAMEL.jpg,HAVANNA SHKALAD_SHKALAD CARAMEL.jpg,597,HAVANNA SHKALAD_SHKALAD CARAMEL.jpg,,,
165,images/adjika.jpg,‘Adjika’ qalampir_adjika.jpg,72,‘Adjika’ qalampir_adjika.jpg,,,
166,images/adjikcha.jpg,‘Adjika’ qalampir_adjikcha.jpg,72,‘Adjika’ qalampir_adjikcha.jpg,,,
853,images/LIGO.jpg,LIGO YER YONG'OQ_LIGO.jpg,598,LIGO YER YONG'OQ_LIGO.jpg,,,
854,images/ASAL__BILAN_YONGOQ_ARALASHMASI.jpg,ASAL VA YONG'OQ ARALASHMASI_ASAL  BILAN YONGOQ ARALASHMASI.jpg,599,ASAL VA YONG'OQ ARALASHMASI_ASAL  BILAN YONGOQ ARALASHMASI.jpg,,,
855,images/ZIGIR_YOGI_KATTA.jpg,ZIG'IR YOG'I_ZIGIR YOGI KATTA.jpg,600,ZIG'IR YOG'I_ZIGIR YOGI KATTA.jpg,,,
943,images/chortoq_500.jpg,Chortoq 0.5l_chortoq 500.jpg,684,Chortoq 0.5l_chortoq 500.jpg,,,
173,images/bodring......jpg,“BURCU” Tuzlama bodring_bodring......jpg,76,“BURCU” Tuzlama bodring_bodring......jpg,,,
174,images/bodring.....jpg,“BURCU” Tuzlama bodring_bodring.....jpg,76,“BURCU” Tuzlama bodring_bodring.....jpg,,,
945,images/chortoq_lime.jpg,Chortoq 0.3 limon_chortoq lime.jpg,686,Chortoq 0.3 limon_chortoq lime.jpg,,,
181,images/anchor_2.jpg,Anchor_anchor 2.jpg,80,Anchor_anchor 2.jpg,,,
182,images/anchor.jpg,Anchor_anchor.jpg,80,Anchor_anchor.jpg,,,
183,images/president.jpg,President  400g_president.jpg,81,President  400g_president.jpg,,,
184,images/present....jpg,President_present....jpg,82,President_present....jpg,,,
946,images/gazlisuv.jpg,Gazli suv_gazlisuv.jpg,687,Gazli suv_gazlisuv.jpg,,,
186,images/svalya_2.jpg,Svalya 200g_svalya 2.jpg,84,Svalya 200g_svalya 2.jpg,,,
187,images/svalya.jpg,Svalya 200g_svalya.jpg,84,Svalya 200g_svalya.jpg,,,
947,images/fanta_0.33.jpg,Fanta 0.33_fanta 0.33.jpg,688,Fanta 0.33_fanta 0.33.jpg,,,
189,images/maslo.jpg,MASLO_maslo.jpg,86,MASLO_maslo.jpg,,,
948,images/pepsi_1.25.jpg,Pepsi 1.25l_pepsi 1.25.jpg,689,Pepsi 1.25l_pepsi 1.25.jpg,,,
949,images/fanta.jpg,Fanta 1.25l_fanta.jpg,690,Fanta 1.25l_fanta.jpg,,,
950,images/monster_kok_6lZvrCS.jpg,Monster kok_monster kok.jpg,691,Monster kok_monster kok.jpg,,,
194,images/kaimak_2.jpg,Kaimak_kaimak 2.jpg,90,Kaimak_kaimak 2.jpg,,,
195,images/kaimak.jpg,Kaimak_kaimak.jpg,90,Kaimak_kaimak.jpg,,,
196,images/qatiq_2.jpg,Uy qatiqi_qatiq 2.jpg,88,Uy qatiqi_qatiq 2.jpg,,,
197,images/qatiq.jpg,Uy qatiqi_qatiq.jpg,88,Uy qatiqi_qatiq.jpg,,,
198,images/a_24_2.jpg,A 24 green_a 24 2.jpg,91,A 24 green_a 24 2.jpg,,,
199,images/a_24.jpg,A 24 green_a 24.jpg,91,A 24 green_a 24.jpg,,,
200,images/iphone_15_pro_max_22.jpg,Iphone 15 pro max_iphone 15 pro max 22.jpg,92,Iphone 15 pro max_iphone 15 pro max 22.jpg,,,
201,images/iphone_15_pro_max.jpg,Iphone 15 pro max_iphone 15 pro max.jpg,92,Iphone 15 pro max_iphone 15 pro max.jpg,,,
202,images/watch_2.jpg,GALAXY WATCH 6  LTE 40mm_watch 2.jpg,93,GALAXY WATCH 6  LTE 40mm_watch 2.jpg,,,
203,images/watch_3.jpg,GALAXY WATCH 6  LTE 40mm_watch 3.jpg,93,GALAXY WATCH 6  LTE 40mm_watch 3.jpg,,,
204,images/watch.jpg,GALAXY WATCH 6  LTE 40mm_watch.jpg,93,GALAXY WATCH 6  LTE 40mm_watch.jpg,,,
205,images/yellow_2.jpg,GALAXY WATCH 6  LTE 40mm_yellow 2.jpg,94,GALAXY WATCH 6  LTE 40mm_yellow 2.jpg,,,
407,images/DIIZY.jpg,DIZZY_DIIZY.jpg,225,DIZZY_DIIZY.jpg,,,
951,images/monster_sariq.jpg,Monster sariq_monster sariq.jpg,692,Monster sariq_monster sariq.jpg,,,
206,images/yellow_3.jpg,GALAXY WATCH 6  LTE 40mm_yellow 3.jpg,94,GALAXY WATCH 6  LTE 40mm_yellow 3.jpg,,,
207,images/yellow.jpg,GALAXY WATCH 6  LTE 40mm_yellow.jpg,94,GALAXY WATCH 6  LTE 40mm_yellow.jpg,,,
208,images/watcht_2.jpg,GALAXY WATCH 6  LTE 44mm_watcht 2.jpg,95,GALAXY WATCH 6  LTE 44mm_watcht 2.jpg,,,
209,images/watcht_3.jpg,GALAXY WATCH 6  LTE 44mm_watcht 3.jpg,95,GALAXY WATCH 6  LTE 44mm_watcht 3.jpg,,,
210,images/watcht.jpg,GALAXY WATCH 6  LTE 44mm_watcht.jpg,95,GALAXY WATCH 6  LTE 44mm_watcht.jpg,,,
211,images/qaymoq.jpg,Qaymoq_qaymoq.jpg,96,Qaymoq_qaymoq.jpg,,,
212,images/millac.jpg,“Millac” Qaymoq_millac.jpg,97,“Millac” Qaymoq_millac.jpg,,,
213,images/qulupnay.jpg,“UzKand” Qulupnay_qulupnay.jpg,98,“UzKand” Qulupnay_qulupnay.jpg,,,
214,images/malina_2.jpg,“UzKand” Malina_malina 2.jpg,99,“UzKand” Malina_malina 2.jpg,,,
215,images/malina.jpg,“UzKand” Malina_malina.jpg,99,“UzKand” Malina_malina.jpg,,,
858,images/OLIVE_OIL_5L.jpg,OLIVKA YOG'I 5L_OLIVE OIL 5L.jpg,602,OLIVKA YOG'I 5L_OLIVE OIL 5L.jpg,,,
859,images/KUKURUZ_YOGI_1.8.jpg,KUKURUZ YOG'I 1.8L_KUKURUZ YOGI 1.8.jpg,603,KUKURUZ YOG'I 1.8L_KUKURUZ YOGI 1.8.jpg,,,
860,images/KUKURUZN_YOGI_3.6.jpg,KUKURUZ YOG'I 3.6L_KUKURUZN YOGI 3.6.jpg,604,KUKURUZ YOG'I 3.6L_KUKURUZN YOGI 3.6.jpg,,,
222,images/black_tea_100.jpg,“Greenfield” Qora choy_black tea 100.jpg,105,“Greenfield” Qora choy_black tea 100.jpg,,,
224,images/black_tea_25_k.jpg,“Greenfield” Qora choy 25_black tea 25 k.jpg,106,“Greenfield” Qora choy 25_black tea 25 k.jpg,,,
225,images/black_tea_25.jpg,“Greenfield” Qora choy 25_black tea 25.jpg,106,“Greenfield” Qora choy 25_black tea 25.jpg,,,
226,images/black_tea_900.jpg,“Greenfield” Qora choy_black tea 900.jpg,107,“Greenfield” Qora choy_black tea 900.jpg,,,
228,images/richard_100.jpg,“RICHARD”  Qora choy 100_richard 100.jpg,109,“RICHARD”  Qora choy 100_richard 100.jpg,,,
861,images/photo_2025-09-09_18-01-19.jpg,QORA NON_photo_2025-09-09_18-01-19.jpg,605,QORA NON_photo_2025-09-09_18-01-19.jpg,,,
953,images/monster_qizil.jpg,Monster qizil_monster qizil.jpg,694,Monster qizil_monster qizil.jpg,,,
997,images/GOLD_10900.jpg,KOFE GOLD_GOLD 10900.jpg,738,KOFE GOLD_GOLD 10900.jpg,,,
236,images/toza.jpg,“Тоза” Ko’k choy_toza.jpg,113,“Тоза” Ko’k choy_toza.jpg,,,
998,images/photo_2025-10-25_17-03-35.jpg,KIRKE_photo_2025-10-25_17-03-35.jpg,739,KIRKE_photo_2025-10-25_17-03-35.jpg,,,
238,images/bliss_olma.jpg,“Bliss” Olma_bliss olma.jpg,115,“Bliss” Olma_bliss olma.jpg,,,
999,images/LACOSTE_S.jpg,LACOSTE S 5ML_LACOSTE S.jpg,740,LACOSTE S 5ML_LACOSTE S.jpg,,,
240,images/bliss_qulupnay.jpg,“Bliss” Qulupnay_bliss qulupnay.jpg,117,“Bliss” Qulupnay_bliss qulupnay.jpg,,,
242,images/bliss_anor.jpg,“Bliss” Anor_bliss anor.jpg,119,“Bliss” Anor_bliss anor.jpg,,,
1000,images/WATER_DAVIDOFF.jpg,WATER DAWIDOFF 5ML_WATER DAVIDOFF.jpg,741,WATER DAWIDOFF 5ML_WATER DAVIDOFF.jpg,,,
244,images/bliss_mix.jpg,“Сочная долина” mix_bliss mix.jpg,121,“Сочная долина” mix_bliss mix.jpg,,,
245,images/olcha.jpg,“Сочная долина” Gilos_olcha.jpg,122,“Сочная долина” Gilos_olcha.jpg,,,
1001,images/ANTONIO_BANDERAS.jpg,ANTONIO BANDERRAS 5ML_ANTONIO BANDERAS.jpg,742,ANTONIO BANDERRAS 5ML_ANTONIO BANDERAS.jpg,,,
247,images/anor.jpg,“Сочная долина” Anor_anor.jpg,124,“Сочная долина” Anor_anor.jpg,,,
248,images/mix.jpg,“Сочная долина” mix_mix.jpg,125,“Сочная долина” mix_mix.jpg,,,
1002,images/BLUE_DE_CHANEL.jpg,BLUE DE CHANEL 5ML_BLUE DE CHANEL.jpg,743,BLUE DE CHANEL 5ML_BLUE DE CHANEL.jpg,,,
250,images/dena_behi.jpg,“DENA” Behi_dena behi.jpg,127,“DENA” Behi_dena behi.jpg,,,
251,images/dena_shaptoli.jpg,“DENA” Shaptoli_dena shaptoli.jpg,128,“DENA” Shaptoli_dena shaptoli.jpg,,,
252,images/dena_cherry_2.jpg,“DENA” Gilos_dena cherry 2.jpg,129,“DENA” Gilos_dena cherry 2.jpg,,,
253,images/dena_cherry.jpg,“DENA” Gilos_dena cherry.jpg,129,“DENA” Gilos_dena cherry.jpg,,,
254,images/dena_ananas_2.jpg,“DENA” Ananas_dena ananas 2.jpg,130,“DENA” Ananas_dena ananas 2.jpg,,,
255,images/dena_ananas.jpg,“DENA” Ananas_dena ananas.jpg,130,“DENA” Ananas_dena ananas.jpg,,,
1003,images/MOON.jpg,MOON 5ML_MOON.jpg,744,MOON 5ML_MOON.jpg,,,
257,images/dena_mix_2.jpg,“DENA” Mix_dena mix 2.jpg,132,“DENA” Mix_dena mix 2.jpg,,,
1004,images/BLACK_AFGANO.jpg,BLACK AFGANO 5ML_BLACK AFGANO.jpg,745,BLACK AFGANO 5ML_BLACK AFGANO.jpg,,,
1005,images/BALDER_SALIN.jpg,BALDER SALIN 5ML_BALDER SALIN.jpg,746,BALDER SALIN 5ML_BALDER SALIN.jpg,,,
261,images/tess_2.jpg,“Blueberry” qora choy_tess 2.jpg,135,“Blueberry” qora choy_tess 2.jpg,,,
262,images/tess.jpg,“Blueberry” qora choy_tess.jpg,135,“Blueberry” qora choy_tess.jpg,,,
263,images/berry_2.jpg,“Berry” qora choy_berry 2.jpg,136,“Berry” qora choy_berry 2.jpg,,,
264,images/berry.jpg,“Berry” qora choy_berry.jpg,136,“Berry” qora choy_berry.jpg,,,
1006,images/TALHA.jpg,TALHA 5ML_TALHA.jpg,747,TALHA 5ML_TALHA.jpg,,,
265,images/caramel.jpg,“Karamel” qora choy_caramel.jpg,137,“Karamel” qora choy_caramel.jpg,,,
862,images/TEGEN_KLUBNIKA.jpg,tegen klubnika murabbo_TEGEN KLUBNIKA.jpg,606,tegen klubnika murabbo_TEGEN KLUBNIKA.jpg,,,
863,images/ZULYA_MALINA.jpg,zulya malina murabbo_ZULYA MALINA.jpg,607,zulya malina murabbo_ZULYA MALINA.jpg,,,
269,images/liptin_2.jpg,“LIPTON” choy_liptin 2.jpg,140,“LIPTON” choy_liptin 2.jpg,,,
270,images/liptin.jpg,“LIPTON” choy_liptin.jpg,140,“LIPTON” choy_liptin.jpg,,,
271,images/vital.jpg,“VITAL” choy_vital.jpg,141,“VITAL” choy_vital.jpg,,,
272,images/pilov.jpg,Приправа для плова_pilov.jpg,142,Приправа для плова_pilov.jpg,,,
273,images/lagmon.jpg,Lagman uchun ziravor_lagmon.jpg,143,Lagman uchun ziravor_lagmon.jpg,,,
274,images/universal.jpg,Universal ziravorlar_universal.jpg,144,Universal ziravorlar_universal.jpg,,,
275,images/gosht_uchun.jpg,Go'sht uchun ziravor_gosht uchun.jpg,145,Go'sht uchun ziravor_gosht uchun.jpg,,,
276,images/shorva.jpg,Sho’rva uchun ziravor_shorva.jpg,146,Sho’rva uchun ziravor_shorva.jpg,,,
277,images/shashlik.jpg,Shashlik uchun ziravor_shashlik.jpg,147,Shashlik uchun ziravor_shashlik.jpg,,,
278,images/tovuq.jpg,Tovuq  go’shti uchun ziravor_tovuq.jpg,148,Tovuq  go’shti uchun ziravor_tovuq.jpg,,,
279,images/qalampir_2_W0kyjoH.jpg,Qalapmir_qalampir 2.jpg,149,Qalapmir_qalampir 2.jpg,,,
280,images/qalampir_1cWywRe.jpg,Qalapmir_qalampir.jpg,149,Qalapmir_qalampir.jpg,,,
281,images/qizil_2.jpg,Qizil qalampir_qizil 2.jpg,150,Qizil qalampir_qizil 2.jpg,,,
282,images/qizil.jpg,Qizil qalampir_qizil.jpg,150,Qizil qalampir_qizil.jpg,,,
283,images/coriander_2.jpg,Koriander_coriander 2.jpg,151,Koriander_coriander 2.jpg,,,
284,images/coriander.jpg,Koriander_coriander.jpg,151,Koriander_coriander.jpg,,,
287,images/qora_2.jpg,Qora qalampir_qora 2.jpg,153,Qora qalampir_qora 2.jpg,,,
288,images/qora.jpg,Qora qalampir_qora.jpg,153,Qora qalampir_qora.jpg,,,
289,images/ukrop_2.jpg,“Dereotu” Ukrop_ukrop 2.jpg,154,“Dereotu” Ukrop_ukrop 2.jpg,,,
290,images/ukrop.jpg,“Dereotu” Ukrop_ukrop.jpg,154,“Dereotu” Ukrop_ukrop.jpg,,,
291,images/qizil_qalampir_2.jpg,Qizil qalampir_qizil qalampir 2.jpg,155,Qizil qalampir_qizil qalampir 2.jpg,,,
292,images/qizil_qalampir.jpg,Qizil qalampir_qizil qalampir.jpg,155,Qizil qalampir_qizil qalampir.jpg,,,
293,images/joon_2.jpg,Qora Murch urug’i_joon 2.jpg,156,Qora Murch urug’i_joon 2.jpg,,,
294,images/joon.jpg,Qora Murch urug’i_joon.jpg,156,Qora Murch urug’i_joon.jpg,,,
295,images/hash_2.jpg,Maydalangan Kashinich urug’i_hash 2.jpg,157,Maydalangan Kashinich urug’i_hash 2.jpg,,,
296,images/hash.jpg,Maydalangan Kashinich urug’i_hash.jpg,157,Maydalangan Kashinich urug’i_hash.jpg,,,
297,images/daddd_2.jpg,Kashinich Urug’i_daddd 2.jpg,158,Kashinich Urug’i_daddd 2.jpg,,,
298,images/daddd.jpg,Kashinich Urug’i_daddd.jpg,158,Kashinich Urug’i_daddd.jpg,,,
299,images/zira_2.jpg,Zira_zira 2.jpg,152,Zira_zira 2.jpg,,,
300,images/zira.jpg,Zira_zira.jpg,152,Zira_zira.jpg,,,
301,images/noxot.jpg,“BURCU” No'xat_noxot.jpg,159,“BURCU” No'xat_noxot.jpg,,,
302,images/noxot_2_kcS81jU.jpg,“Bonduelle” No'xat_noxot 2.jpg,160,“Bonduelle” No'xat_noxot 2.jpg,,,
303,images/sweet_corn_2.jpg,Shirin bodroq_sweet corn 2.jpg,161,Shirin bodroq_sweet corn 2.jpg,,,
304,images/sweet_corn.jpg,Shirin bodroq_sweet corn.jpg,161,Shirin bodroq_sweet corn.jpg,,,
864,images/photo_2025-09-12_12-40-07.jpg,safo tomat pasta 1500gr_photo_2025-09-12_12-40-07.jpg,393,safo tomat pasta 1500gr_photo_2025-09-12_12-40-07.jpg,,,
865,images/UZKAND_MALINA_7000.jpg,Uzkand malina murabbo_UZKAND MALINA 7000].jpg,608,Uzkand malina murabbo_UZKAND MALINA 7000].jpg,,,
313,images/hummuan.jpg,HOMMOUS TAHINI_hummuan.jpg,167,HOMMOUS TAHINI_hummuan.jpg,,,
314,images/moshkishri_2.jpg,MOSHKICHKI_moshkishri 2.jpg,168,MOSHKICHKI_moshkishri 2.jpg,,,
315,images/moshkishri.jpg,MOSHKICHKI_moshkishri.jpg,168,MOSHKICHKI_moshkishri.jpg,,,
316,images/shorva_ODsWJlX.jpg,Qo’y go’shtli sho'rva_shorva.jpg,169,Qo’y go’shtli sho'rva_shorva.jpg,,,
866,images/BURCU_MALIN.jpg,burcu maklina murabbo 380gr_BURCU MALIN.jpg,609,burcu maklina murabbo 380gr_BURCU MALIN.jpg,,,
322,images/spagetti_rO5Aun4.jpg,Spagetti_spagetti.jpg,175,Spagetti_spagetti.jpg,,,
323,images/pearl.jpg,Перловка_pearl.jpg,176,Перловка_pearl.jpg,,,
954,images/redbul.jpg,Redbull_redbul.jpg,695,Redbull_redbul.jpg,,,
955,images/riks_anor.jpg,Anor suvi riks_riks anor.jpg,696,Anor suvi riks_riks anor.jpg,,,
956,images/moxito_lime.jpg,Moxito lime_moxito lime.jpg,697,Moxito lime_moxito lime.jpg,,,
957,images/moxito_anor.jpg,Moxito anor_moxito anor.jpg,698,Moxito anor_moxito anor.jpg,,,
958,images/uzkand_kompot.jpg,Uzkand gilos kampot_uzkand kompot.jpg,699,Uzkand gilos kampot_uzkand kompot.jpg,,,
332,images/coca_cola_2.jpg,Coca-cola 1.25 g_coca cola 2.jpg,183,Coca-cola 1.25 g_coca cola 2.jpg,,,
333,images/cola_cola.jpg,Coca-cola 1.25 g_cola cola.jpg,183,Coca-cola 1.25 g_cola cola.jpg,,,
334,images/cola_2.jpg,Coca-cola 2L_cola 2;.jpg,184,Coca-cola 2L_cola 2;.jpg,,,
343,images/boyin_2.jpg,Mol bo’yin_boyin 2.jpg,34,Mol bo’yin_boyin 2.jpg,,,
344,images/boyin.jpg,Mol bo’yin_boyin.jpg,34,Mol bo’yin_boyin.jpg,,,
345,images/qiyma_2.jpg,Mol qiyma_qiyma 2.jpg,186,Mol qiyma_qiyma 2.jpg,,,
346,images/qiymqa.jpg,Mol qiyma_qiymqa.jpg,186,Mol qiyma_qiymqa.jpg,,,
347,images/tuyoq_2.jpg,Mol tuyoq_tuyoq 2.jpg,187,Mol tuyoq_tuyoq 2.jpg,,,
348,images/tuyoq.jpg,Mol tuyoq_tuyoq.jpg,187,Mol tuyoq_tuyoq.jpg,,,
350,images/chicken_2.jpg,“Seara” ko’krak laxm terisiz_chicken 2.jpg,189,“Seara” ko’krak laxm terisiz_chicken 2.jpg,,,
351,images/chicken.jpg,“Seara” ko’krak laxm terisiz_chicken.jpg,189,“Seara” ko’krak laxm terisiz_chicken.jpg,,,
867,images/BURCU_KLUBNIKA.jpg,burcu klubnika 380gr_BURCU KLUBNIKA.jpg,610,burcu klubnika 380gr_BURCU KLUBNIKA.jpg,,,
353,images/coca_2.jpg,Coca-cola_coca 2.jpg,191,Coca-cola_coca 2.jpg,,,
354,images/coca.jpg,Coca-cola_coca.jpg,191,Coca-cola_coca.jpg,,,
355,images/cola_0.5.jpg,Coca-cola 0.5g_cola 0.5.jpg,192,Coca-cola 0.5g_cola 0.5.jpg,,,
356,images/cola_1.25.jpg,Coca-cola 1.25g_cola 1.25.jpg,193,Coca-cola 1.25g_cola 1.25.jpg,,,
357,images/sabzi.jpg,Korea sabzi ziravorlari_sabzi.jpg,194,Korea sabzi ziravorlari_sabzi.jpg,,,
358,images/gosht.jpg,Go'sht uchun ziravorlar_gosht.jpg,195,Go'sht uchun ziravorlar_gosht.jpg,,,
363,images/mol_jigar_2_hqzdOe6.jpg,Mol jigar_mol jigar 2.jpg,198,Mol jigar_mol jigar 2.jpg,,,
364,images/mol_jigar_B8D99LX.jpg,Mol jigar_mol jigar.jpg,198,Mol jigar_mol jigar.jpg,,,
365,images/mol_parrak.jpg,Mol parrak_mol parrak.jpg,197,Mol parrak_mol parrak.jpg,,,
366,images/mol_qorin.jpg,Mol qorin_mol qorin.jpg,196,Mol qorin_mol qorin.jpg,,,
868,images/BURCU_ANJIR.jpg,burcu anjir murabbo 700gr_BURCU ANJIR.jpg,611,burcu anjir murabbo 700gr_BURCU ANJIR.jpg,,,
368,images/qoy_umurtqa.jpg,Qo'y umurtqa_qoy umurtqa.jpg,200,Qo'y umurtqa_qoy umurtqa.jpg,,,
369,images/qoy_ilig_suyag.jpg,Qo'y ilig suyag_qoy ilig suyag.jpg,201,Qo'y ilig suyag_qoy ilig suyag.jpg,,,
370,images/mol_dum_2.jpg,Mol dum_mol dum 2.jpg,202,Mol dum_mol dum 2.jpg,,,
371,images/mol_dum.jpg,Mol dum_mol dum.jpg,202,Mol dum_mol dum.jpg,,,
373,images/qoy_jigar.jpg,Qo'y jigar_qoy jigar.jpg,204,Qo'y jigar_qoy jigar.jpg,,,
375,images/qoy_orqa_son.jpg,Qo’y orqa sonv_qoy orqa son.jpg,206,Qo’y orqa sonv_qoy orqa son.jpg,,,
376,images/qoy_setka.jpg,Qo’y sekta laxm_qoy setka.jpg,207,Qo’y sekta laxm_qoy setka.jpg,,,
378,images/pista_2_uTnrxTE.jpg,Pista_pista 2.jpg,208,Pista_pista 2.jpg,,,
379,images/pista_3_XeYskIQ.jpg,Pista_pista 3.jpg,208,Pista_pista 3.jpg,,,
380,images/pista_hH043gH.jpg,Pista_pista.jpg,208,Pista_pista.jpg,,,
381,images/bodom.jpg,Bodom_bodom.jpg,209,Bodom_bodom.jpg,,,
382,images/bodom_2.jpg,Bodom_bodom 2.jpg,210,Bodom_bodom 2.jpg,,,
383,images/kaju_2.jpg,Kaju (tuzli)_kaju 2.jpg,211,Kaju (tuzli)_kaju 2.jpg,,,
384,images/kaju.jpg,Kaju (tuzli)_kaju.jpg,211,Kaju (tuzli)_kaju.jpg,,,
385,images/kajuu_2.jpg,Kaju_kajuu 2.jpg,212,Kaju_kajuu 2.jpg,,,
386,images/kajuu.jpg,Kaju_kajuu.jpg,212,Kaju_kajuu.jpg,,,
870,images/VITA_MALINA.jpg,vita malina murabbo_VITA MALINA.jpg,613,vita malina murabbo_VITA MALINA.jpg,,,
871,images/110000.jpg,klubnika murabbo 900gr_110000.jpg,614,klubnika murabbo 900gr_110000.jpg,,,
959,images/moxito_berry.jpg,Moxito blueberry_moxito berry.jpg,700,Moxito blueberry_moxito berry.jpg,,,
960,images/kula_behi.jpg,Kula behi_kula behi.jpg,701,Kula behi_kula behi.jpg,,,
391,images/kajuuuu.jpg,Kaju  'SAFO'_kajuuuu.jpg,217,Kaju  'SAFO'_kajuuuu.jpg,,,
961,images/kula_gilos.jpg,Kula gilos_kula gilos.jpg,702,Kula gilos_kula gilos.jpg,,,
962,images/chernogolobka_limon.jpg,Chernogolovka limon_chernogolobka limon.jpg,703,Chernogolovka limon_chernogolobka limon.jpg,,,
394,images/arpa.jpg,Marvarid arpa_arpa.jpg,220,Marvarid arpa_arpa.jpg,,,
395,images/noxot_H4d7QCY.jpg,no'xat_noxot.jpg,221,no'xat_noxot.jpg,,,
963,images/hydro_0.5.jpg,Hydrolife 0.5l_hydro 0.5.jpg,704,Hydrolife 0.5l_hydro 0.5.jpg,,,
397,images/qoy_steak_1.jpg,QO'Y STEAK qovurg'a_qoy steak 1.jpg,223,QO'Y STEAK qovurg'a_qoy steak 1.jpg,,,
398,images/qoy_steak_2.jpg,QO'Y STEAK qovurg'a_qoy steak 2.jpg,223,QO'Y STEAK qovurg'a_qoy steak 2.jpg,,,
399,images/qoy_steak_3.jpg,QO'Y STEAK qovurg'a_qoy steak 3.jpg,223,QO'Y STEAK qovurg'a_qoy steak 3.jpg,,,
404,images/oyoq_tovuq_2.jpg,Tovuq oyoqchalari_oyoq tovuq 2.jpg,12,Tovuq oyoqchalari_oyoq tovuq 2.jpg,,,
405,images/oyoq_tovuq_AjaW0bt.jpg,Tovuq oyoqchalari_oyoq tovuq.jpg,12,Tovuq oyoqchalari_oyoq tovuq.jpg,,,
409,images/photo_2024-05-25_15-56-57.jpg,Qo`y pro_photo_2024-05-25_15-56-57.jpg,227,Qo`y pro_photo_2024-05-25_15-56-57.jpg,,,
964,images/kula_shaftoli.jpg,Kula shaftoli_kula shaftoli.jpg,705,Kula shaftoli_kula shaftoli.jpg,,,
872,images/divella.jpg,divella makaron_divella.jpg,615,divella makaron_divella.jpg,,,
412,images/photo_2024-05-29_18-34-46.jpg,pryanniki vanil_photo_2024-05-29_18-34-46.jpg,230,pryanniki vanil_photo_2024-05-29_18-34-46.jpg,,,
413,images/photo_2024-05-29_18-38-43.jpg,pryaniki shokoladniy_photo_2024-05-29_18-38-43.jpg,231,pryaniki shokoladniy_photo_2024-05-29_18-38-43.jpg,,,
414,images/photo_2024-05-29_19-29-23.jpg,Qo`y yelka qovurg`a (qozon)_photo_2024-05-29_19-29-23.jpg,232,Qo`y yelka qovurg`a (qozon)_photo_2024-05-29_19-29-23.jpg,,,
415,images/IMG_20240624_115748_064.jpg,"""UVELKA"" Mannaya kasha_IMG_20240624_115748_064.jpg",233,"""UVELKA"" Mannaya kasha_IMG_20240624_115748_064.jpg",,,
416,images/IMG_20240710_123339_356.jpg,Monitor mango 500ml_IMG_20240710_123339_356.jpg,234,Monitor mango 500ml_IMG_20240710_123339_356.jpg,,,
874,images/vita_tomat.jpg,vita tomat_vita tomat.jpg,617,vita tomat_vita tomat.jpg,,,
875,images/ittifoq_430gr.jpg,ittifoq tomat 430gr_ittifoq 430gr.jpg,618,ittifoq tomat 430gr_ittifoq 430gr.jpg,,,
876,images/burcu_460gr.jpg,burcu mayonez 450gr_burcu 460gr.jpg,619,burcu mayonez 450gr_burcu 460gr.jpg,,,
878,images/maxeev_400_perepelin.jpg,Maxeev mayonez 400gr perepelinovim yaitsom_maxeev 400 perepelin.jpg,621,Maxeev mayonez 400gr perepelinovim yaitsom_maxeev 400 perepelin.jpg,,,
425,images/IMG_20240710_141957_140.jpg,Chocolate cream cookies_IMG_20240710_141957_140.jpg,243,Chocolate cream cookies_IMG_20240710_141957_140.jpg,,,
427,images/IMG_20240710_141956_919.jpg,Matcha cream cookies_IMG_20240710_141956_919.jpg,245,Matcha cream cookies_IMG_20240710_141956_919.jpg,,,
431,images/IMG_20240710_152230_691.jpg,Champs original_IMG_20240710_152230_691.jpg,249,Champs original_IMG_20240710_152230_691.jpg,,,
432,images/IMG_20240710_152230_913.jpg,Champs dark_IMG_20240710_152230_913.jpg,250,Champs dark_IMG_20240710_152230_913.jpg,,,
879,images/maxeev_400gr_provansal.jpg,Maxeev mayonez provansal   400gr_maxeev 400gr provansal.jpg,623,Maxeev mayonez provansal   400gr_maxeev 400gr provansal.jpg,,,
880,images/kilka.jpg,tomatli kilka_kilka.jpg,624,tomatli kilka_kilka.jpg,,,
439,images/Screenshot_20240710_160406_NAVER.jpg,Burcu qulpnay murabbo 700gr_Screenshot_20240710_160406_NAVER.jpg,257,Burcu qulpnay murabbo 700gr_Screenshot_20240710_160406_NAVER.jpg,,,
440,images/Screenshot_20240710_160427_NAVER.jpg,Burcu murabbo òrik_Screenshot_20240710_160427_NAVER.jpg,258,Burcu murabbo òrik_Screenshot_20240710_160427_NAVER.jpg,,,
441,images/Screenshot_20240710_160329_NAVER.jpg,Burcu murabbo olcha_Screenshot_20240710_160329_NAVER.jpg,259,Burcu murabbo olcha_Screenshot_20240710_160329_NAVER.jpg,,,
881,images/heinz_ketchup_400.jpg,Heinz ketchup 400gr_heinz ketchup 400.jpg,625,Heinz ketchup 400gr_heinz ketchup 400.jpg,,,
443,images/ckdnyswwt5p39xkq8na6dozozsxglpg0.jpg,Mayonez 820ml prepelinim yatsom_ckdnyswwt5p39xkq8na6dozozsxglpg0.jpg,261,Mayonez 820ml prepelinim yatsom_ckdnyswwt5p39xkq8na6dozozsxglpg0.jpg,,,
882,images/heinz_800.jpg,Heinz ketchup 800gr_heinz 800.jpg,626,Heinz ketchup 800gr_heinz 800.jpg,,,
883,images/chili.jpg,Chili sous_chili.jpg,627,Chili sous_chili.jpg,,,
884,images/heinz_uksus_.jpg,Heinz uksus 5%_heinz uksus '.jpg,628,Heinz uksus 5%_heinz uksus '.jpg,,,
447,images/IMG_20240712_213258_295.jpg,Semechka Yoĝ 5l_IMG_20240712_213258_295.jpg,265,Semechka Yoĝ 5l_IMG_20240712_213258_295.jpg,,,
885,images/soya.jpg,Soya sousi_soya.jpg,629,Soya sousi_soya.jpg,,,
449,images/12338_big.png,Doing semechki tuzli 140gr_12338_big.png,267,Doing semechki tuzli 140gr_12338_big.png,,,
450,images/75405b32-27b4-11eb-80c6-005056845eda.png,Doing semechki 250gr tuzli_75405b32-27b4-11eb-80c6-005056845eda.png,268,Doing semechki 250gr tuzli_75405b32-27b4-11eb-80c6-005056845eda.png,,,
886,images/salsa_9900.jpg,Salsa sous_salsa 9900.jpg,630,Salsa sous_salsa 9900.jpg,,,
965,images/buratino.jpg,Chernogolovka buratino_buratino.jpg,706,Chernogolovka buratino_buratino.jpg,,,
966,images/nok.jpg,Chernogolovka nok_nok.jpg,707,Chernogolovka nok_nok.jpg,,,
967,images/tarxun_IHWvjTY.jpg,Chernogolovka tarxun_tarxun.jpg,708,Chernogolovka tarxun_tarxun.jpg,,,
968,images/maxfun.jpg,Maxfun shkalad_maxfun.jpg,709,Maxfun shkalad_maxfun.jpg,,,
969,images/kazakstan.jpg,Kazakstan shkalad_kazakstan.jpg,710,Kazakstan shkalad_kazakstan.jpg,,,
970,images/brinza.jpg,Kashkaval brinza 500gr_brinza'.jpg,711,Kashkaval brinza 500gr_brinza'.jpg,,,
971,images/qurt_ermak_60.jpg,Ermak qurt 60gr_qurt ermak 60.jpg,712,Ermak qurt 60gr_qurt ermak 60.jpg,,,
972,images/ermak_rayhon.jpg,Ermak qurt rayhonli 60gr_ermak rayhon.jpg,713,Ermak qurt rayhonli 60gr_ermak rayhon.jpg,,,
973,images/ermak_30.jpg,Ermak qurt 30gr_ermak 30.jpg,714,Ermak qurt 30gr_ermak 30.jpg,,,
1007,images/FRESH_BLUE.jpg,FRESH BLUE 5ML_FRESH BLUE.jpg,748,FRESH BLUE 5ML_FRESH BLUE.jpg,,,
1008,images/ANSOR.jpg,ANSOR 5ML_ANSOR.jpg,749,ANSOR 5ML_ANSOR.jpg,,,
1009,images/MOLECULA_020.jpg,MOLECULA 020 5ML_MOLECULA 020.jpg,750,MOLECULA 020 5ML_MOLECULA 020.jpg,,,
1010,images/SHAHID_QONI.jpg,SHAHID QONI 5ML_SHAHID QONI.jpg,751,SHAHID QONI 5ML_SHAHID QONI.jpg,,,
1017,images/MOL_TUSH.jpg,SHOHONA MOL TUSHONKASI_MOL TUSH.jpg,758,SHOHONA MOL TUSHONKASI_MOL TUSH.jpg,,,
1018,images/SPAGETTI2.jpg,SHOHONA SPAGETTI_SPAGETTI2.jpg,759,SHOHONA SPAGETTI_SPAGETTI2.jpg,,,
1019,images/DIMLAMA.jpg,SHOHONA DIMLAMA_DIMLAMA.jpg,760,SHOHONA DIMLAMA_DIMLAMA.jpg,,,
1020,images/QUY_TUSHONKA.jpg,SHOHONA QO'Y TUSHONKASI_QUY TUSHONKA.jpg,761,SHOHONA QO'Y TUSHONKASI_QUY TUSHONKA.jpg,,,
451,images/12174_big.jpg,Djin semechki 350gr tuzli_12174_big.jpg,269,Djin semechki 350gr tuzli_12174_big.jpg,,,
452,images/10739_big.png,Doing 140gr_10739_big.png,270,Doing 140gr_10739_big.png,,,
453,images/10739_big_lYqxqig.png,Djin 250gr_10739_big.png,271,Djin 250gr_10739_big.png,,,
454,images/10739_big_064ncGr.png,Djin 350gr_10739_big.png,272,Djin 350gr_10739_big.png,,,
456,images/Screenshot_20240713_110643_Google.jpg,Djin velikan 100gr_Screenshot_20240713_110643_Google.jpg,274,Djin velikan 100gr_Screenshot_20240713_110643_Google.jpg,,,
457,images/Screenshot_20240713_110613_Google.jpg,Djin velikan 200gr tuzli_Screenshot_20240713_110613_Google.jpg,275,Djin velikan 200gr tuzli_Screenshot_20240713_110613_Google.jpg,,,
459,images/1.jpg,Djin velikan 300gr tuzli_1.jpg,276,Djin velikan 300gr tuzli_1.jpg,,,
889,images/ramyon_5ta_3.jpg,Ramyon 5 talik_ramyon 5ta 3.jpg,633,Ramyon 5 talik_ramyon 5ta 3.jpg,,,
462,images/Screenshot_20240712_213702_Gallery_n6I5If3.jpg,Burcu murabbo òrik 380gr ( apricot)_Screenshot_20240712_213702_Gallery.jpg,279,Burcu murabbo òrik 380gr ( apricot)_Screenshot_20240712_213702_Gallery.jpg,,,
890,images/ramyon_5ta_2.jpg,Ramyon 5talik achchiq_ramyon 5ta 2.jpg,634,Ramyon 5talik achchiq_ramyon 5ta 2.jpg,,,
467,images/e050bb96-f862-bc32-c955-757878fc989a.jpg,"""ICHNYA"" quyiltirilgan sut 900gr_e050bb96-f862-bc32-c955-757878fc989a.jpg",284,"""ICHNYA"" quyiltirilgan sut 900gr_e050bb96-f862-bc32-c955-757878fc989a.jpg",,,
468,images/IMG_20240713_125113_625.jpg,Jensen 2ta bonka 6yillik_IMG_20240713_125113_625.jpg,285,Jensen 2ta bonka 6yillik_IMG_20240713_125113_625.jpg,,,
469,images/IMG_20240713_125749_796.jpg,Jenshen 6yillik 4ta bonka_IMG_20240713_125749_796.jpg,286,Jenshen 6yillik 4ta bonka_IMG_20240713_125749_796.jpg,,,
470,images/IMG_20240713_125752_895.jpg,Jenshen health time 30ta_IMG_20240713_125752_895.jpg,287,Jenshen health time 30ta_IMG_20240713_125752_895.jpg,,,
471,images/IMG_20240713_135810_850.jpg,Jenshen health time 60ta_IMG_20240713_135810_850.jpg,288,Jenshen health time 60ta_IMG_20240713_135810_850.jpg,,,
895,images/yarim_noxot.jpg,Zaiqa yarim noxot_yarim noxot.jpg,639,Zaiqa yarim noxot_yarim noxot.jpg,,,
896,images/loviya_Ej9u2Xh.jpg,Zaiqa loviya_loviya.jpg,640,Zaiqa loviya_loviya.jpg,,,
897,images/anjir_12500.jpg,Anjir murabbo 750gr_anjir 12500.jpg,641,Anjir murabbo 750gr_anjir 12500.jpg,,,
898,images/12500.jpg,Murabbo gilos_12500.jpg,642,Murabbo gilos_12500.jpg,,,
480,images/IMG_20240713_151218_751.jpg,Xalqlar dostligi noxat_IMG_20240713_151218_751.jpg,41,Xalqlar dostligi noxat_IMG_20240713_151218_751.jpg,,,
899,images/rojki.jpg,Svoya melnitsa rojki_rojki.jpg,643,Svoya melnitsa rojki_rojki.jpg,,,
483,images/IMG_20240713_150615_834.jpg,ZAIQA grechka 800gr_IMG_20240713_150615_834.jpg,299,ZAIQA grechka 800gr_IMG_20240713_150615_834.jpg,,,
484,images/IMG_20240713_151219_146.jpg,ZAIQA MOSH 800GR_IMG_20240713_151219_146.jpg,300,ZAIQA MOSH 800GR_IMG_20240713_151219_146.jpg,,,
485,images/IMG_20240713_151219_420.jpg,ZAIQA OSH NOXAT 800GR_IMG_20240713_151219_420.jpg,301,ZAIQA OSH NOXAT 800GR_IMG_20240713_151219_420.jpg,,,
900,images/burcu_qalampir.jpg,Burcu qalampir_burcu qalampir.jpg,644,Burcu qalampir_burcu qalampir.jpg,,,
901,images/burcu_tuzlama.jpg,Burcu tuzlama_burcu tuzlama.jpg,645,Burcu tuzlama_burcu tuzlama.jpg,,,
902,images/euro_lecho.jpg,Euro food lecho_euro lecho.jpg,646,Euro food lecho_euro lecho.jpg,,,
903,images/tegen_dunganskiy.jpg,Tegen dunganskiy peres_tegen dunganskiy.jpg,647,Tegen dunganskiy peres_tegen dunganskiy.jpg,,,
490,images/IMG_20240713_170743_608.jpg,ROYAL FOOD kefir 950ml_IMG_20240713_170743_608.jpg,306,ROYAL FOOD kefir 950ml_IMG_20240713_170743_608.jpg,,,
491,images/IMG_20240713_170743_671.jpg,Family food kefir 1l_IMG_20240713_170743_671.jpg,307,Family food kefir 1l_IMG_20240713_170743_671.jpg,,,
904,images/tegen_adjika.jpg,Tegen adjika_tegen adjika.jpg,648,Tegen adjika_tegen adjika.jpg,,,
905,images/amrita.jpg,Amrita tok bargi_amrita.jpg,649,Amrita tok bargi_amrita.jpg,,,
906,images/zulya_tomat.jpg,Zulya ogurtsi v tomatnom soke_zulya tomat.jpg,650,Zulya ogurtsi v tomatnom soke_zulya tomat.jpg,,,
907,images/zulya_kornishon.jpg,Zulya kornishon_zulya kornishon.jpg,651,Zulya kornishon_zulya kornishon.jpg,,,
643,images/ayiz.jpg,Mayiz_ayiz.jpg,414,Mayiz_ayiz.jpg,,,
737,images/dizzy.jpg,DIZZY_dizzy.jpg,483,DIZZY_dizzy.jpg,,,
908,images/zulya_ogurtsi.jpg,Zulya ogursi_zulya ogurtsi.jpg,652,Zulya ogursi_zulya ogurtsi.jpg,,,
910,images/tegen_assorti.jpg,Tegen assorti_tegen assorti.jpg,654,Tegen assorti_tegen assorti.jpg,,,
974,images/3l.jpg,Yog' 3L_3l.jpg,715,Yog' 3L_3l.jpg,,,
911,images/euro_kornishon_tomat.jpg,Euro food kornishon v tomate_euro kornishon tomat.jpg,655,Euro food kornishon v tomate_euro kornishon tomat.jpg,,,
496,images/IMG_20240713_170748_796.jpg,Philadelphia cheese_IMG_20240713_170748_796.jpg,312,Philadelphia cheese_IMG_20240713_170748_796.jpg,,,
498,images/IMG_20240713_170749_232.jpg,The laughing cow cheese_IMG_20240713_170749_232.jpg,314,The laughing cow cheese_IMG_20240713_170749_232.jpg,,,
499,images/IMG_20240714_100944_319.jpg,Sosiska tovuq 500gr_IMG_20240714_100944_319.jpg,315,Sosiska tovuq 500gr_IMG_20240714_100944_319.jpg,,,
500,images/IMG_20240714_100914_009.jpg,Sosiska tovuq 500gr_IMG_20240714_100914_009.jpg,315,Sosiska tovuq 500gr_IMG_20240714_100914_009.jpg,,,
501,images/IMG_20240714_100949_842.jpg,HALAL BARAKA Sosiska Mol goshti 500gr_IMG_20240714_100949_842.jpg,316,HALAL BARAKA Sosiska Mol goshti 500gr_IMG_20240714_100949_842.jpg,,,
502,images/IMG_20240714_100918_326.jpg,HALAL BARAKA Sosiska Mol goshti 500gr_IMG_20240714_100918_326.jpg,316,HALAL BARAKA Sosiska Mol goshti 500gr_IMG_20240714_100918_326.jpg,,,
913,images/euro_kornishon.jpg,Euro food kornishon_euro kornishon.jpg,657,Euro food kornishon_euro kornishon.jpg,,,
914,images/euroassorti.jpg,Euro food assorti_euroassorti.jpg,658,Euro food assorti_euroassorti.jpg,,,
976,images/QAZI.jpg,QAZI_QAZI.jpg,717,QAZI_QAZI.jpg,,,
1011,images/MADAWI.jpg,MADAWI 5ML_MADAWI.jpg,752,MADAWI 5ML_MADAWI.jpg,,,
521,images/IMG_20240714_102451_161_sStdbli.jpg,HALAL BARAKA  MOSKOVSKAYA 500GR_IMG_20240714_102451_161.jpg,318,HALAL BARAKA  MOSKOVSKAYA 500GR_IMG_20240714_102451_161.jpg,,,
526,images/IMG_20240714_102501_027_eb2mEco.jpg,HALAL BARAKA  VETCHINA 600gr_IMG_20240714_102501_027.jpg,320,HALAL BARAKA  VETCHINA 600gr_IMG_20240714_102501_027.jpg,,,
527,images/IMG_20240714_102459_362_eZtsxVX.jpg,HALAL BARAKA  VETCHINA 600gr_IMG_20240714_102459_362.jpg,320,HALAL BARAKA  VETCHINA 600gr_IMG_20240714_102459_362.jpg,,,
530,images/IMG_20240714_113150_960.jpg,HALAL BARAKA ELITNAYA 800GR_IMG_20240714_113150_960.jpg,322,HALAL BARAKA ELITNAYA 800GR_IMG_20240714_113150_960.jpg,,,
531,images/IMG_20240714_113128_921.jpg,HALAL BARAKA ELITNAYA 800GR_IMG_20240714_113128_921.jpg,322,HALAL BARAKA ELITNAYA 800GR_IMG_20240714_113128_921.jpg,,,
532,images/IMG_20240714_113115_845.jpg,HALAL BARAKA  INDEYKA 500GR_IMG_20240714_113115_845.jpg,323,HALAL BARAKA  INDEYKA 500GR_IMG_20240714_113115_845.jpg,,,
533,images/IMG_20240714_113119_947.jpg,HALAL BARAKA  DOKTORSKAYA 500GR_IMG_20240714_113119_947.jpg,324,HALAL BARAKA  DOKTORSKAYA 500GR_IMG_20240714_113119_947.jpg,,,
534,images/IMG_20240714_113125_116.jpg,HALAL BARAKA LYUBITELSKAYA 500GR_IMG_20240714_113125_116.jpg,325,HALAL BARAKA LYUBITELSKAYA 500GR_IMG_20240714_113125_116.jpg,,,
535,images/IMG_20240714_113157_897.jpg,HALAL BARAKA  MOLOCHNAYA 500GR_IMG_20240714_113157_897.jpg,326,HALAL BARAKA  MOLOCHNAYA 500GR_IMG_20240714_113157_897.jpg,,,
536,images/IMG_20240714_113154_914.jpg,HALAL BARAKA  MOLOCHNAYA 500GR_IMG_20240714_113154_914.jpg,326,HALAL BARAKA  MOLOCHNAYA 500GR_IMG_20240714_113154_914.jpg,,,
539,images/IMG_20240714_121308_414.PNG,LAZZATFOODS minskaya 500gr_IMG_20240714_121308_414.PNG,329,LAZZATFOODS minskaya 500gr_IMG_20240714_121308_414.PNG,,,
540,images/IMG_20240714_121308_475.JPG,LAZZATFOODS minskaya 1kg_IMG_20240714_121308_475.JPG,330,LAZZATFOODS minskaya 1kg_IMG_20240714_121308_475.JPG,,,
541,images/IMG_20240714_121313_639.PNG,Lazzatfoods samarkandskaya 1kg_IMG_20240714_121313_639.PNG,331,Lazzatfoods samarkandskaya 1kg_IMG_20240714_121313_639.PNG,,,
542,images/IMG_20240714_121308_384.PNG,LAZZATFOODS servelat 500gr_IMG_20240714_121308_384.PNG,332,LAZZATFOODS servelat 500gr_IMG_20240714_121308_384.PNG,,,
543,images/IMG_20240714_121308_074.PNG,LAZZATFOODS servelat 800gr_IMG_20240714_121308_074.PNG,333,LAZZATFOODS servelat 800gr_IMG_20240714_121308_074.PNG,,,
546,images/IMG_20240714_121319_707.jpg,LAZZATFOODS OXOTNICHIY 450GR_IMG_20240714_121319_707.jpg,336,LAZZATFOODS OXOTNICHIY 450GR_IMG_20240714_121319_707.jpg,,,
547,images/IMG_20240714_121308_361.PNG,LAZZATFOODS salyami 500gr_IMG_20240714_121308_361.PNG,334,LAZZATFOODS salyami 500gr_IMG_20240714_121308_361.PNG,,,
554,images/IMG_20240714_132145_408.jpg,Truffle shokolad 1kg_IMG_20240714_132145_408.jpg,342,Truffle shokolad 1kg_IMG_20240714_132145_408.jpg,,,
555,images/IMG_20240714_132152_429.jpg,Toffix fruit chew 1kg_IMG_20240714_132152_429.jpg,343,Toffix fruit chew 1kg_IMG_20240714_132152_429.jpg,,,
833,images/UN.jpg,UN 1KG_UN.jpg,578,UN 1KG_UN.jpg,,,
834,images/KALAR_1KG.jpg,GURUCH KAALAR 1KG_KALAR 1KG.jpg,579,GURUCH KAALAR 1KG_KALAR 1KG.jpg,,,
835,images/UN_20_KG.jpg,UN 20KG_UN 20 KG.jpg,580,UN 20KG_UN 20 KG.jpg,,,
836,images/MEDJUL.jpg,MEDJOOL XURMOLARI (KICHIKROQ) 500GR_MEDJUL.jpg,581,MEDJOOL XURMOLARI (KICHIKROQ) 500GR_MEDJUL.jpg,,,
838,images/photo_2025-09-08_21-03-56.jpg,QURITILGAN ANJIR_photo_2025-09-08_21-03-56.jpg,583,QURITILGAN ANJIR_photo_2025-09-08_21-03-56.jpg,,,
841,images/KONSERVa_tok_BARGI.jpg,TOK BARGI_KONSERVa tok BARGI.jpg,586,TOK BARGI_KONSERVa tok BARGI.jpg,,,
842,images/IVITILGAN_NOXOT.jpg,NOXOT BURCU 600GR_IVITILGAN NOXOT.jpg,587,NOXOT BURCU 600GR_IVITILGAN NOXOT.jpg,,,
556,images/IMG_20240714_132152_379.jpg,Toffix fruit chew 1kg plastic_IMG_20240714_132152_379.jpg,344,Toffix fruit chew 1kg plastic_IMG_20240714_132152_379.jpg,,,
557,images/IMG_20240714_132155_070.jpg,Coffex 1kg_IMG_20240714_132155_070.jpg,345,Coffex 1kg_IMG_20240714_132155_070.jpg,,,
558,images/3498319f4696680678b29e20df95d16b.jpg,Babaevskiy shokoladniy vkus 250gr_3498319f4696680678b29e20df95d16b.jpg,346,Babaevskiy shokoladniy vkus 250gr_3498319f4696680678b29e20df95d16b.jpg,,,
559,images/IMG_20240714_162804_488.jpg,Kara-kum 250gr_IMG_20240714_162804_488.jpg,347,Kara-kum 250gr_IMG_20240714_162804_488.jpg,,,
560,images/6328984602.jpg,Rot front batonchiki 250gr_6328984602.jpg,348,Rot front batonchiki 250gr_6328984602.jpg,,,
562,images/IMG_20240714_162759_645.jpg,Rot front myatnaya 250gr_IMG_20240714_162759_645.jpg,350,Rot front myatnaya 250gr_IMG_20240714_162759_645.jpg,,,
563,images/IMG_20240714_162759_306.jpg,Rot front limonnaya 250gr_IMG_20240714_162759_306.jpg,351,Rot front limonnaya 250gr_IMG_20240714_162759_306.jpg,,,
564,images/IMG_20240714_162804_645.jpg,Naslajdeniya 250gr_IMG_20240714_162804_645.jpg,352,Naslajdeniya 250gr_IMG_20240714_162804_645.jpg,,,
565,images/IMG_20240714_162804_710.jpg,Korovka lyubimaya 250gr_IMG_20240714_162804_710.jpg,353,Korovka lyubimaya 250gr_IMG_20240714_162804_710.jpg,,,
566,images/IMG_20240714_162804_440.jpg,Toffee 250gr_IMG_20240714_162804_440.jpg,354,Toffee 250gr_IMG_20240714_162804_440.jpg,,,
567,images/IMG_20240718_175526_667.jpg,Royal food Smetana 200gr_IMG_20240718_175526_667.jpg,355,Royal food Smetana 200gr_IMG_20240718_175526_667.jpg,,,
568,images/IMG_20240718_175526_949.jpg,Family food Smetana 200gr_IMG_20240718_175526_949.jpg,356,Family food Smetana 200gr_IMG_20240718_175526_949.jpg,,,
569,images/IMG_20240718_175526_442.jpg,Royal food tvarog 200gr_IMG_20240718_175526_442.jpg,357,Royal food tvarog 200gr_IMG_20240718_175526_442.jpg,,,
570,images/IMG_20240718_175527_067.jpg,Royal food tvarog 400gr_IMG_20240718_175527_067.jpg,358,Royal food tvarog 400gr_IMG_20240718_175527_067.jpg,,,
571,images/IMG_20240718_175518_447.jpg,Havarti 907gr_IMG_20240718_175518_447.jpg,359,Havarti 907gr_IMG_20240718_175518_447.jpg,,,
572,images/IMG_20240718_175518_582.jpg,Gouda 680gr_IMG_20240718_175518_582.jpg,360,Gouda 680gr_IMG_20240718_175518_582.jpg,,,
573,images/IMG_20240718_175518_115.jpg,Mild cheddar cheese 907gr_IMG_20240718_175518_115.jpg,361,Mild cheddar cheese 907gr_IMG_20240718_175518_115.jpg,,,
574,images/IMG_20240718_175518_190.jpg,Golby jack cheese 907gr_IMG_20240718_175518_190.jpg,362,Golby jack cheese 907gr_IMG_20240718_175518_190.jpg,,,
575,images/IMG_20240718_175517_999.jpg,Monterey jack cheese 907gr_IMG_20240718_175517_999.jpg,363,Monterey jack cheese 907gr_IMG_20240718_175517_999.jpg,,,
576,images/1000014689.jpg,Family food tvarog 400gr_1000014689.jpg,364,Family food tvarog 400gr_1000014689.jpg,,,
577,images/Screenshot_from_2024-08-05_00-04-45.png,Dena olma_Screenshot from 2024-08-05 00-04-45.png,365,Dena olma_Screenshot from 2024-08-05 00-04-45.png,,,
578,images/photo_2024-03-12_13-50-46.jpg,qoy oldi bolasi uz_photo_2024-03-12_13-50-46.jpg,366,qoy oldi bolasi uz_photo_2024-03-12_13-50-46.jpg,,,
579,images/Screenshot_from_2024-08-07_10-12-36.png,test_Screenshot from 2024-08-07 10-12-36.png,367,test_Screenshot from 2024-08-07 10-12-36.png,,,
580,images/Screenshot_from_2024-08-07_10-13-54.png,qw_Screenshot from 2024-08-07 10-13-54.png,368,qw_Screenshot from 2024-08-07 10-13-54.png,,,
581,images/Screenshot_2024-08-07_134705.png,Monster Fruktoviy_Screenshot 2024-08-07 134705.png,369,Monster Fruktoviy_Screenshot 2024-08-07 134705.png,,,
582,images/IMG_20240808_143527_514.jpg,"""Korovka "" sunlight pechenye_IMG_20240808_143527_514.jpg",370,"""Korovka "" sunlight pechenye_IMG_20240808_143527_514.jpg",,,
583,images/IMG_20240808_143527_851.jpg,Korovka pishirilgan sutli_IMG_20240808_143527_851.jpg,371,Korovka pishirilgan sutli_IMG_20240808_143527_851.jpg,,,
584,images/IMG_20240808_143527_680.jpg,Korovka kakaolik 375gr_IMG_20240808_143527_680.jpg,372,Korovka kakaolik 375gr_IMG_20240808_143527_680.jpg,,,
585,images/IMG_20240808_145147_255.jpg,Alyonka mini tortlar 250gr bodom_IMG_20240808_145147_255.jpg,373,Alyonka mini tortlar 250gr bodom_IMG_20240808_145147_255.jpg,,,
586,images/IMG_20240808_145147_286.jpg,Alyonka mini tortlar caramel bodom 250gr_IMG_20240808_145147_286.jpg,374,Alyonka mini tortlar caramel bodom 250gr_IMG_20240808_145147_286.jpg,,,
587,images/IMG_20240808_145147_257.jpg,Mishka kosolapiy wafli tort 250gr_IMG_20240808_145147_257.jpg,375,Mishka kosolapiy wafli tort 250gr_IMG_20240808_145147_257.jpg,,,
588,images/IMG_20240808_145146_684.jpg,Korovka vafli sutli 300gr_IMG_20240808_145146_684.jpg,376,Korovka vafli sutli 300gr_IMG_20240808_145146_684.jpg,,,
589,images/IMG_20240808_145157_570.jpg,Korovka vafli shokoladlik 300gr_IMG_20240808_145157_570.jpg,377,Korovka vafli shokoladlik 300gr_IMG_20240808_145157_570.jpg,,,
590,images/IMG_20240808_145157_570_skcJxLD.jpg,Korovka vafli shokoladlik 300gr_IMG_20240808_145157_570.jpg,378,Korovka vafli shokoladlik 300gr_IMG_20240808_145157_570.jpg,,,
591,images/IMG_20240808_145157_570_5KChi2S.jpg,Korovka vafli shokoladlik 300gr_IMG_20240808_145157_570.jpg,379,Korovka vafli shokoladlik 300gr_IMG_20240808_145157_570.jpg,,,
592,images/IMG_20240808_145157_570_Gjk7cy5.jpg,Korovka vafli shokoladlik 300gr_IMG_20240808_145157_570.jpg,380,Korovka vafli shokoladlik 300gr_IMG_20240808_145157_570.jpg,,,
593,images/IMG_20240808_145157_570_R1F7C8C.jpg,Korovka vafli shokoladlik 300gr_IMG_20240808_145157_570.jpg,381,Korovka vafli shokoladlik 300gr_IMG_20240808_145157_570.jpg,,,
915,images/zulya_2l.jpg,Zulya bodring 2L_zulya 2l.jpg,659,Zulya bodring 2L_zulya 2l.jpg,,,
595,images/IMG_20240808_145147_044.jpg,Korovka shokoladniy vafli 150gr_IMG_20240808_145147_044.jpg,383,Korovka shokoladniy vafli 150gr_IMG_20240808_145147_044.jpg,,,
597,images/IMG_20240808_145147_020.jpg,Korovka vafli sutli 250gr_IMG_20240808_145147_020.jpg,385,Korovka vafli sutli 250gr_IMG_20240808_145147_020.jpg,,,
1012,images/KELVIN_CLEIN.jpg,KELVIN KLEIN 5ML_KELVIN CLEIN.jpg,753,KELVIN KLEIN 5ML_KELVIN CLEIN.jpg,,,
1013,images/LACOSTE.jpg,LACOSTE 5ML_LACOSTE.jpg,754,LACOSTE 5ML_LACOSTE.jpg,,,
600,images/IMG_20240808_161604_497.jpg,Monster sariq_IMG_20240808_161604_497.jpg,386,Monster sariq_IMG_20240808_161604_497.jpg,,,
601,images/IMG_20240808_161603_937.jpg,Monster qizil_IMG_20240808_161603_937.jpg,387,Monster qizil_IMG_20240808_161603_937.jpg,,,
602,images/IMG_20240808_161603_892_6nPI23W.jpg,Monster  qora_IMG_20240808_161603_892.jpg,17,Monster  qora_IMG_20240808_161603_892.jpg,,,
603,images/IMG_20240808_161604_226.jpg,Monster mango_IMG_20240808_161604_226.jpg,388,Monster mango_IMG_20240808_161604_226.jpg,,,
605,images/IMG_20240808_160705_323.jpg,Tegen tomat pasta 430gr_IMG_20240808_160705_323.jpg,390,Tegen tomat pasta 430gr_IMG_20240808_160705_323.jpg,,,
607,images/IMG_20240808_160705_112.jpg,Burcu tomat pasta 1500gr_IMG_20240808_160705_112.jpg,392,Burcu tomat pasta 1500gr_IMG_20240808_160705_112.jpg,,,
977,images/photo_2025-10-21_17-00-53.jpg,DUDLANGAN OZBEKISTON DUMBASI 0.5KG_photo_2025-10-21_17-00-53.jpg,718,DUDLANGAN OZBEKISTON DUMBASI 0.5KG_photo_2025-10-21_17-00-53.jpg,,,
1014,images/NARCOTIC.jpg,NARCOTIK 5ML_NARCOTIC.jpg,755,NARCOTIK 5ML_NARCOTIC.jpg,,,
612,images/IMG_20240808_160705_009.jpg,Burcu tomat pasta 320gr_IMG_20240808_160705_009.jpg,397,Burcu tomat pasta 320gr_IMG_20240808_160705_009.jpg,,,
613,images/IMG_20240808_160705_352.jpg,Burcu tomat pasta 600gr_IMG_20240808_160705_352.jpg,398,Burcu tomat pasta 600gr_IMG_20240808_160705_352.jpg,,,
1021,images/DOLMA.jpg,SHOHONA DO'LMA_DOLMA.jpg,762,SHOHONA DO'LMA_DOLMA.jpg,,,
1022,images/OSH.jpg,SHOHONA OSH_OSH.jpg,763,SHOHONA OSH_OSH.jpg,,,
616,images/Screenshot_from_2024-08-07_20-55-04.png,test_Screenshot from 2024-08-07 20-55-04.png,401,test_Screenshot from 2024-08-07 20-55-04.png,,,
1023,images/SHORVA.jpg,SHOHONA SHO'RVA_SHORVA.jpg,764,SHOHONA SHO'RVA_SHORVA.jpg,,,
1024,images/NOXATSHORAT.jpg,SHOHONA NO'XATSHORAK_NOXATSHORAT.jpg,765,SHOHONA NO'XATSHORAK_NOXATSHORAT.jpg,,,
1025,images/BIRYANI.jpg,SHOHONA BIRYANI_BIRYANI.jpg,766,SHOHONA BIRYANI_BIRYANI.jpg,,,
1026,images/TOVUQ.jpg,Shohona Tovuq Tushonkasi_TOVUQ.jpg,767,Shohona Tovuq Tushonkasi_TOVUQ.jpg,,,
1027,images/GRECHKA.jpg,Shohona grechka_GRECHKA.jpg,768,Shohona grechka_GRECHKA.jpg,,,
1028,images/photo_2025-10-26_14-10-05.jpg,Burcu baklajon_photo_2025-10-26_14-10-05.jpg,769,Burcu baklajon_photo_2025-10-26_14-10-05.jpg,,,
1029,images/rigagold.jpg,SHPROT RIGA GOLD V TOMATE_rigagold.jpg,770,SHPROT RIGA GOLD V TOMATE_rigagold.jpg,,,
1030,images/photo_2025-10-26_14-52-31.jpg,AMBERFISH KILKA V TOMATE_photo_2025-10-26_14-52-31.jpg,771,AMBERFISH KILKA V TOMATE_photo_2025-10-26_14-52-31.jpg,,,
1050,images/RANGO.jpg,TANGO BODOMLI 1KG_RANGO.jpg,791,TANGO BODOMLI 1KG_RANGO.jpg,,,
1052,images/200MAXI.jpg,2000 MAXI_200MAXI.jpg,793,2000 MAXI_200MAXI.jpg,,,
1053,images/MILKA.jpg,MILKA BISCUIT_MILKA.jpg,794,MILKA BISCUIT_MILKA.jpg,,,
1055,images/KOK_TULS.jpg,TULSKIY MEVALI_KOK TULS.jpg,796,TULSKIY MEVALI_KOK TULS.jpg,,,
1056,images/BISCREAM.jpg,BISCREAM_BISCREAM.jpg,797,BISCREAM_BISCREAM.jpg,,,
1058,images/KOROVKA_SGUSH.jpg,KOROVKA S SGUSHONNIY MOLOKOLI_KOROVKA SGUSH.jpg,799,KOROVKA S SGUSHONNIY MOLOKOLI_KOROVKA SGUSH.jpg,,,
1060,images/UKROP.jpg,OMEGA UKROP_UKROP.jpg,801,OMEGA UKROP_UKROP.jpg,,,
1061,images/MAXIM.jpg,MAXIM COFE 20DONALIK_MAXIM.jpg,802,MAXIM COFE 20DONALIK_MAXIM.jpg,,,
1063,images/ROLTON_2000.jpg,ROLLTON IDISHLI_ROLTON 2000.jpg,804,ROLLTON IDISHLI_ROLTON 2000.jpg,,,
1064,images/HOT_LUCH_ACHCHIQ.jpg,HOT LUNCH ACHCHIQ_HOT LUCH ACHCHIQ.jpg,805,HOT LUNCH ACHCHIQ_HOT LUCH ACHCHIQ.jpg,,,
1065,images/HOTLUNCH.jpg,HOT LUNCH_HOTLUNCH.jpg,806,HOT LUNCH_HOTLUNCH.jpg,,,
1066,images/SHIM.jpg,SHIM RAMYON HALAL_SHIM.jpg,807,SHIM RAMYON HALAL_SHIM.jpg,,,
1068,images/photo_2025-11-10_21-00-29.jpg,UKROP_photo_2025-11-10_21-00-29.jpg,498,UKROP_photo_2025-11-10_21-00-29.jpg,,,
1069,images/golubsi_tok_bargi.jpg,Dolma 600-700gr_golubsi tok bargi.jpg,808,Dolma 600-700gr_golubsi tok bargi.jpg,,,
1070,images/manti_1.jpg,Manti 1kg_manti 1.jpg,809,Manti 1kg_manti 1.jpg,,,
1071,images/manti.jpg,Manti 1kg_manti.jpg,809,Manti 1kg_manti.jpg,,,
1072,images/photo_2025-11-15_12-23-01.jpg,Somsa xamiri 1kg_photo_2025-11-15_12-23-01.jpg,810,Somsa xamiri 1kg_photo_2025-11-15_12-23-01.jpg,,,
1073,images/qozon_2.jpg,Qoy qovurg'a (qozon)_qozon 2.jpg,811,Qoy qovurg'a (qozon)_qozon 2.jpg,,,
1074,images/qozon_1.jpg,Qoy qovurg'a (qozon)_qozon 1.jpg,811,Qoy qovurg'a (qozon)_qozon 1.jpg,,,
1075,images/quy_orqas_on.jpg,Qo'y orqa son_quy orqas on.jpg,812,Qo'y orqa son_quy orqas on.jpg,,,
1079,images/mol_ilik_suyakl.jpg,Mol ilik suyak_mol ilik suyakl.jpg,816,Mol ilik suyak_mol ilik suyakl.jpg,,,
1080,images/mol_til.jpg,Mol til 2kg_mol til.jpg,817,Mol til 2kg_mol til.jpg,,,
919,images/treska.jpg,TRESKA BALIQ_treska.jpg,660,TRESKA BALIQ_treska.jpg,,,
920,images/SKUMBRIYA_BxRoSaJ.jpg,SKUMBRIYA BALIQ_SKUMBRIYA.jpg,661,SKUMBRIYA BALIQ_SKUMBRIYA.jpg,,,
620,images/guruch_zN4bbGQ.jpg,Hisdiston gurunch_guruch.jpg,403,Hisdiston gurunch_guruch.jpg,,,
621,images/guruch7.jpg,Hisdiston gurunch_guruch7.jpg,403,Hisdiston gurunch_guruch7.jpg,,,
622,images/ayroon_2.jpg,AYRON_ayroon 2.jpg,404,AYRON_ayroon 2.jpg,,,
623,images/ayroon.jpg,AYRON_ayroon.jpg,404,AYRON_ayroon.jpg,,,
624,images/ayron_2.jpg,AYRON RAYHONLI_ayron 2.jpg,405,AYRON RAYHONLI_ayron 2.jpg,,,
625,images/ayron.jpg,AYRON RAYHONLI_ayron.jpg,405,AYRON RAYHONLI_ayron.jpg,,,
626,images/qoy_qovurga_2.jpg,Qo'y tosh qovurg'a_qoy qovurga 2.jpg,406,Qo'y tosh qovurg'a_qoy qovurga 2.jpg,,,
627,images/qoy_qovurga.jpg,Qo'y tosh qovurg'a_qoy qovurga.jpg,406,Qo'y tosh qovurg'a_qoy qovurga.jpg,,,
628,images/photo_2024-11-02_17-48-16.jpg,ECHKI GO'SHTI maydalangan_photo_2024-11-02_17-48-16.jpg,407,ECHKI GO'SHTI maydalangan_photo_2024-11-02_17-48-16.jpg,,,
629,images/photo_2024-11-02_18-03-35.jpg,QO'Y BELI (stek bob) halal_photo_2024-11-02_18-03-35.jpg,408,QO'Y BELI (stek bob) halal_photo_2024-11-02_18-03-35.jpg,,,
630,images/photo_2024-11-02_18-03-31.jpg,QO'Y BELI (stek bob) halal_photo_2024-11-02_18-03-31.jpg,408,QO'Y BELI (stek bob) halal_photo_2024-11-02_18-03-31.jpg,,,
631,images/photo_2024-11-02_18-03-26.jpg,QO'Y BELI (stek bob) halal_photo_2024-11-02_18-03-26.jpg,408,QO'Y BELI (stek bob) halal_photo_2024-11-02_18-03-26.jpg,,,
632,images/photo_2024-11-02_18-24-26.jpg,Qo'y rulet lahim HALAL_photo_2024-11-02_18-24-26.jpg,409,Qo'y rulet lahim HALAL_photo_2024-11-02_18-24-26.jpg,,,
633,images/photo_2024-11-02_18-24-23.jpg,Qo'y rulet lahim HALAL_photo_2024-11-02_18-24-23.jpg,409,Qo'y rulet lahim HALAL_photo_2024-11-02_18-24-23.jpg,,,
921,images/KAMAL.jpg,KAMAL BALIQ_KAMAL.jpg,662,KAMAL BALIQ_KAMAL.jpg,,,
978,images/SVALYA400.jpg,ELROY MASLO 400GR_SVALYA400.jpg,719,ELROY MASLO 400GR_SVALYA400.jpg,,,
979,images/ELROY.jpg,ELROY MASLO 454GR_ELROY.jpg,720,ELROY MASLO 454GR_ELROY.jpg,,,
638,images/photo_2024-11-03_11-26-01.jpg,Lavash noni 10 dona_photo_2024-11-03_11-26-01.jpg,411,Lavash noni 10 dona_photo_2024-11-03_11-26-01.jpg,,,
639,images/photo_2024-11-03_11-37-49.jpg,UZB Dumba_photo_2024-11-03_11-37-49.jpg,412,UZB Dumba_photo_2024-11-03_11-37-49.jpg,,,
640,images/photo_2024-11-03_11-37-45.jpg,UZB Dumba_photo_2024-11-03_11-37-45.jpg,412,UZB Dumba_photo_2024-11-03_11-37-45.jpg,,,
981,images/ANCHOR_200.jpg,ANCHOR MASLO 200GR_ANCHOR 200.jpg,722,ANCHOR MASLO 200GR_ANCHOR 200.jpg,,,
1015,images/photo_2025-10-25_21-15-16.jpg,GOLUBSI 600-700GR_photo_2025-10-25_21-15-16.jpg,756,GOLUBSI 600-700GR_photo_2025-10-25_21-15-16.jpg,,,
644,images/photo_2024-11-07_18-16-28.jpg,Novot_photo_2024-11-07_18-16-28.jpg,415,Novot_photo_2024-11-07_18-16-28.jpg,,,
1016,images/SSAC.jpg,DOMOSHNIY LAG'MON 1KG_SSAC.jpg,757,DOMOSHNIY LAG'MON 1KG_SSAC.jpg,,,
1031,images/photo_2025-10-26_14-53-14.jpg,AMBERFISH KILKA V MASLE_photo_2025-10-26_14-53-14.jpg,772,AMBERFISH KILKA V MASLE_photo_2025-10-26_14-53-14.jpg,,,
647,images/photo_2024-11-08_12-52-20.jpg,Samsung S23_photo_2024-11-08_12-52-20.jpg,417,Samsung S23_photo_2024-11-08_12-52-20.jpg,,,
648,images/Samsung-Galaxy-S23-Ultra-5G-256GB-Light-Pink.jpg,"Samsung S23 ULTRA_Samsung-Galaxy-S23-Ultra,-5G,-256GB,-Light-Pink.jpg",416,"Samsung S23 ULTRA_Samsung-Galaxy-S23-Ultra,-5G,-256GB,-Light-Pink.jpg",,,
649,images/photo_2024-11-23_21-47-44.jpg,SABER anor suvi_photo_2024-11-23_21-47-44.jpg,418,SABER anor suvi_photo_2024-11-23_21-47-44.jpg,,,
650,images/photo_2024-11-24_17-45-20.jpg,SABER ENERGETIK ICHIMLIGI_photo_2024-11-24_17-45-20.jpg,419,SABER ENERGETIK ICHIMLIGI_photo_2024-11-24_17-45-20.jpg,,,
1035,images/KOROVKA_6500.jpg,KOROVKA SUTLI_KOROVKA 6500.jpg,776,KOROVKA SUTLI_KOROVKA 6500.jpg,,,
1036,images/CRAFERS.jpg,CRAFERS OVSYANNAYA PECHENYE_CRAFERS.jpg,777,CRAFERS OVSYANNAYA PECHENYE_CRAFERS.jpg,,,
1037,images/KROKAND.jpg,KROKAND_KROKAND.jpg,778,KROKAND_KROKAND.jpg,,,
1038,images/FELICITA_4500.jpg,FELICITA_FELICITA 4500.jpg,779,FELICITA_FELICITA 4500.jpg,,,
655,images/photo_2025-01-19_15-10-15.jpg,Suyaksiz muzlatilgan tovuq sonlari_photo_2025-01-19_15-10-15.jpg,190,Suyaksiz muzlatilgan tovuq sonlari_photo_2025-01-19_15-10-15.jpg,,,
1041,images/LASTOCHKA.jpg,LASTOCHKA_LASTOCHKA.jpg,782,LASTOCHKA_LASTOCHKA.jpg,,,
1042,images/TIAMO.jpg,TI AMO_TIAMO.jpg,783,TI AMO_TIAMO.jpg,,,
660,images/photo_2025-02-13_18-55-26.jpg,'MADINAH DELIGHTS KHUDRI'  XURMOLARI_photo_2025-02-13_18-55-26.jpg,427,'MADINAH DELIGHTS KHUDRI'  XURMOLARI_photo_2025-02-13_18-55-26.jpg,,,
661,images/photo_2025-02-13_18-55-26_2.jpg,'MADINAH DELIGHTS SAFAWI'  XURMOLARI_photo_2025-02-13_18-55-26 (2).jpg,428,'MADINAH DELIGHTS SAFAWI'  XURMOLARI_photo_2025-02-13_18-55-26 (2).jpg,,,
1043,images/KOPICO.jpg,KOPIKO 1KG_KOPICO.jpg,784,KOPIKO 1KG_KOPICO.jpg,,,
1044,images/SITRUSOVAYA.jpg,SITRUSOVAYA FANTASIYA_SITRUSOVAYA.jpg,785,SITRUSOVAYA FANTASIYA_SITRUSOVAYA.jpg,,,
1045,images/TOFFIX.jpg,TOFFIX COFELI_TOFFIX.jpg,786,TOFFIX COFELI_TOFFIX.jpg,,,
1047,images/QORA_HALVA.jpg,XALVA_QORA HALVA.jpg,788,XALVA_QORA HALVA.jpg,,,
668,images/photo_2025-02-13_20-25-04.jpg,'MADINAH DELIGHTS SAGAI'  XURMOLARI_photo_2025-02-13_20-25-04.jpg,434,'MADINAH DELIGHTS SAGAI'  XURMOLARI_photo_2025-02-13_20-25-04.jpg,,,
1048,images/TWIX_1400.jpg,TWIX 1.400GR_TWIX 1400.jpg,789,TWIX 1.400GR_TWIX 1400.jpg,,,
1049,images/RANFO_MILK.jpg,TANGO SUTLI 1KG_RANFO MILK.jpg,790,TANGO SUTLI 1KG_RANFO MILK.jpg,,,
922,images/yashkino_limon.jpg,Yashkino vafli limonli_yashkino limon.jpg,663,Yashkino vafli limonli_yashkino limon.jpg,,,
923,images/yashkino_xalvo.jpg,Yashkino vafli xalvoli_yashkino xalvo.jpg,664,Yashkino vafli xalvoli_yashkino xalvo.jpg,,,
924,images/yashkino_orex.jpg,Yashkino vafli orexli_yashkino orex.jpg,665,Yashkino vafli orexli_yashkino orex.jpg,,,
925,images/yashkino_gollandskie.jpg,Yashkino gollandskiy_yashkino gollandskie.jpg,666,Yashkino gollandskiy_yashkino gollandskie.jpg,,,
982,images/CURTIS_QIZIL_10.000.jpg,CURTIS DELICATE QORA 100 DONALIK_CURTIS QIZIL 10.000.jpg,723,CURTIS DELICATE QORA 100 DONALIK_CURTIS QIZIL 10.000.jpg,,,
674,images/photo_2025-02-14_16-33-15_2.jpg,PRESLANGAN QUY GO'SHTI_photo_2025-02-14_16-33-15 (2).jpg,438,PRESLANGAN QUY GO'SHTI_photo_2025-02-14_16-33-15 (2).jpg,,,
675,images/photo_2025-02-14_16-33-15.jpg,PRESLANGAN QUY GO'SHTI_photo_2025-02-14_16-33-15.jpg,438,PRESLANGAN QUY GO'SHTI_photo_2025-02-14_16-33-15.jpg,,,
983,images/CURTIS_KOK_11000.jpg,CURTIS EARSL GRAY 100 DONALIK_CURTIS KOK 11000.jpg,724,CURTIS EARSL GRAY 100 DONALIK_CURTIS KOK 11000.jpg,,,
984,images/VITAL_KOK_7000.jpg,VITAL KOK CHOY_VITAL KOK 7000.jpg,725,VITAL KOK CHOY_VITAL KOK 7000.jpg,,,
678,images/photo_2025-02-14_16-51-29_4.jpg,MUZLATILGAN KARTOSHKA_photo_2025-02-14_16-51-29 (4).jpg,439,MUZLATILGAN KARTOSHKA_photo_2025-02-14_16-51-29 (4).jpg,,,
679,images/photo_2025-02-14_16-51-29_3.jpg,MUZLATILGAN KARTOSHKA_photo_2025-02-14_16-51-29 (3).jpg,439,MUZLATILGAN KARTOSHKA_photo_2025-02-14_16-51-29 (3).jpg,,,
985,images/JASMIN_4500.jpg,JASMIN CHOY_JASMIN 4500.jpg,726,JASMIN CHOY_JASMIN 4500.jpg,,,
986,images/9500TESS.jpg,TESS BERGAMOTLI 100 DONA_9500TESS.jpg,727,TESS BERGAMOTLI 100 DONA_9500TESS.jpg,,,
987,images/ROZA_400GR_1250.jpg,95 TOZA KOK CHOY 400GR_ROZA 400GR 1250.jpg,728,95 TOZA KOK CHOY 400GR_ROZA 400GR 1250.jpg,,,
683,images/15.jpg,'LA COTENA' JALAPENO 1.8L_15.jpg,443,'LA COTENA' JALAPENO 1.8L_15.jpg,,,
684,images/32.jpg,Guruch 'BOBO'_32.jpg,218,Guruch 'BOBO'_32.jpg,,,
685,images/25.jpg,O'ZBEKISTON LAZER GURUCHI_25.jpg,444,O'ZBEKISTON LAZER GURUCHI_25.jpg,,,
988,images/TOZA_KOR_95.jpg,95 TOZA KOK CHOY 225GR_TOZA KOR 95.jpg,729,95 TOZA KOK CHOY 225GR_TOZA KOR 95.jpg,,,
989,images/TOZA_KOR_110.jpg,110 TOZA KOK CHOY 225GR_TOZA KOR 110.jpg,730,110 TOZA KOK CHOY 225GR_TOZA KOR 110.jpg,,,
990,images/ETRE_CHARBETS.jpg,ETRE CHOY 25DONALIK CHARBET_ETRE CHARBETS.jpg,731,ETRE CHOY 25DONALIK CHARBET_ETRE CHARBETS.jpg,,,
991,images/ETRE_LIMON.jpg,ETRE LIMON 25DONALIK_ETRE LIMON.jpg,732,ETRE LIMON 25DONALIK_ETRE LIMON.jpg,,,
690,images/13._8HuuMvC.jpg,MADINAH DELIGHT DJORDAN MEDJOOL XURMOLARI_13..jpg,447,MADINAH DELIGHT DJORDAN MEDJOOL XURMOLARI_13..jpg,,,
992,images/ETRE_CEYLON.jpg,ETRE CEYLON 100GR_ETRE CEYLON.jpg,733,ETRE CEYLON 100GR_ETRE CEYLON.jpg,,,
993,images/ETRE_100TALIK_SEYLON.jpg,ETRE CEYLON 100 DONALIK_ETRE 100TALIK SEYLON.jpg,734,ETRE CEYLON 100 DONALIK_ETRE 100TALIK SEYLON.jpg,,,
994,images/KOK_CHOY_100TALIK.jpg,KOK CHOY 100 DONALIK_KOK CHOY 100TALIK.jpg,735,KOK CHOY 100 DONALIK_KOK CHOY 100TALIK.jpg,,,
698,images/4500.jpg,"Quy qovurg'a, umurtqa suyagi_4500.jpg",453,"Quy qovurg'a, umurtqa suyagi_4500.jpg",,,
699,images/2000.jpg,RAZRIXITEL_2000.jpg,454,RAZRIXITEL_2000.jpg,,,
700,images/500.jpg,VANILIN_500.jpg,455,VANILIN_500.jpg,,,
701,images/7000.jpg,Droja 500gr_7000.jpg,456,Droja 500gr_7000.jpg,,,
702,images/3000.jpg,Droja 125gr_3000.jpg,457,Droja 125gr_3000.jpg,,,
703,images/4000.jpg,TUZ_4000.jpg,458,TUZ_4000.jpg,,,
704,images/30000.jpg,TUZ_30000.jpg,459,TUZ_30000.jpg,,,
705,images/0.0.jpg,PISHIRIQ SODASI_0.0.jpg,460,PISHIRIQ SODASI_0.0.jpg,,,
706,images/15000.jpg,BURCU ARALASH SABZAVOTLAR TUZLAMASI 4.950GR_15000.jpg,461,BURCU ARALASH SABZAVOTLAR TUZLAMASI 4.950GR_15000.jpg,,,
707,images/photo_2025-05-17_20-31-59.jpg,Asarti_photo_2025-05-17_20-31-59.jpg,462,Asarti_photo_2025-05-17_20-31-59.jpg,,,
710,images/photo_2025-05-17_20-55-54.jpg,Qo'y boldir (suyakli ilik qo'y oyoqchasi)_photo_2025-05-17_20-55-54.jpg,463,Qo'y boldir (suyakli ilik qo'y oyoqchasi)_photo_2025-05-17_20-55-54.jpg,,,
712,images/photo_2025-05-19_17-18-58.jpg,QUY BOLDIR_photo_2025-05-19_17-18-58.jpg,465,QUY BOLDIR_photo_2025-05-19_17-18-58.jpg,,,
713,images/photo_2025-05-19_17-19-04.jpg,QUY BOLDIR_photo_2025-05-19_17-19-04.jpg,465,QUY BOLDIR_photo_2025-05-19_17-19-04.jpg,,,
714,images/photo_2025-05-19_17-38-58.jpg,MOL BOYIN SUYAK_photo_2025-05-19_17-38-58.jpg,466,MOL BOYIN SUYAK_photo_2025-05-19_17-38-58.jpg,,,
715,images/photo_2025-05-19_17-38-54.jpg,MOL BOYIN SUYAK_photo_2025-05-19_17-38-54.jpg,466,MOL BOYIN SUYAK_photo_2025-05-19_17-38-54.jpg,,,
718,images/photo_2025-05-21_20-47-37.jpg,BURCU MAYONEZ 550GR_photo_2025-05-21_20-47-37.jpg,468,BURCU MAYONEZ 550GR_photo_2025-05-21_20-47-37.jpg,,,
727,images/photo_2025-05-22_12-44-34.jpg,SABZI_photo_2025-05-22_12-44-34.jpg,473,SABZI_photo_2025-05-22_12-44-34.jpg,,,
728,images/photo_2025-05-22_12-59-16.jpg,KARTOSHKA_photo_2025-05-22_12-59-16.jpg,474,KARTOSHKA_photo_2025-05-22_12-59-16.jpg,,,
729,images/photo_2025-05-22_13-04-23.jpg,PIYOZ_photo_2025-05-22_13-04-23.jpg,475,PIYOZ_photo_2025-05-22_13-04-23.jpg,,,
730,images/ORDAK.jpg,O'RDAK GOSHTI_ORDAK.jpg,476,O'RDAK GOSHTI_ORDAK.jpg,,,
731,images/CHUCH.jpg,CHUCHVARA_CHUCH.jpg,477,CHUCHVARA_CHUCH.jpg,,,
926,images/shakar.jpg,Shakar 1kg_shakar.jpg,667,Shakar 1kg_shakar.jpg,,,
734,images/6921733073359488.webp,jacobs kofe_6921733073359488.webp,480,jacobs kofe_6921733073359488.webp,,,
735,images/photo_2025-06-01_21-20-16.jpg,UKSUS_photo_2025-06-01_21-20-16.jpg,481,UKSUS_photo_2025-06-01_21-20-16.jpg,,,
927,images/beseda_teramis.jpg,Beseda palochki teramisli_beseda teramis.jpg,668,Beseda palochki teramisli_beseda teramis.jpg,,,
738,images/656.jpg,KIR YUVISH SODASI_656.jpg,484,KIR YUVISH SODASI_656.jpg,,,
740,images/658.jpg,AMERIKA GURUCHI 10KG_658.jpg,486,AMERIKA GURUCHI 10KG_658.jpg,,,
742,images/PRIPRAVA.jpg,TOVUQ UCHUN ZIRAVOR_PRIPRAVA.jpg,488,TOVUQ UCHUN ZIRAVOR_PRIPRAVA.jpg,,,
743,images/PRIPRAVA_iU8n8mi.jpg,TOVUQ UCHUN ZIRAVOR_PRIPRAVA.jpg,489,TOVUQ UCHUN ZIRAVOR_PRIPRAVA.jpg,,,
744,images/PRIPRAVA_TKOu4mE.jpg,QOY GOSHT UCHUN ZIRAVOR_PRIPRAVA.jpg,490,QOY GOSHT UCHUN ZIRAVOR_PRIPRAVA.jpg,,,
745,images/PRIPRAVA_zygEYmr.jpg,LAGMAN  UCHUN ZIRAVOR_PRIPRAVA.jpg,491,LAGMAN  UCHUN ZIRAVOR_PRIPRAVA.jpg,,,
746,images/PRIPRAVA_HbrRZiE.jpg,SHASHLIK UCHUN ZIRAVOR_PRIPRAVA.jpg,492,SHASHLIK UCHUN ZIRAVOR_PRIPRAVA.jpg,,,
747,images/PRIPRAVA_QKOLtAk.jpg,MOL QIYMA UCHUN ZIRAVOR_PRIPRAVA.jpg,493,MOL QIYMA UCHUN ZIRAVOR_PRIPRAVA.jpg,,,
748,images/PRIPRAVA_EH2CKqG.jpg,KORES SABZI UCHUN ZIRAVOR_PRIPRAVA.jpg,494,KORES SABZI UCHUN ZIRAVOR_PRIPRAVA.jpg,,,
749,images/PRIPRAVA_3HlXEqb.jpg,BALIQ UCHUN ZIRAVOR_PRIPRAVA.jpg,495,BALIQ UCHUN ZIRAVOR_PRIPRAVA.jpg,,,
750,images/PRIPRAVA_Q7J2zzc.jpg,BALIQ UCHUN ZIRAVOR_PRIPRAVA.jpg,496,BALIQ UCHUN ZIRAVOR_PRIPRAVA.jpg,,,
751,images/photo_2025-06-26_18-25-34.jpg,PETRUSHKA UKROP SMES_photo_2025-06-26_18-25-34.jpg,497,PETRUSHKA UKROP SMES_photo_2025-06-26_18-25-34.jpg,,,
753,images/photo_2025-06-26_18-30-45.jpg,MORSKOY TUZ_photo_2025-06-26_18-30-45.jpg,499,MORSKOY TUZ_photo_2025-06-26_18-30-45.jpg,,,
754,images/1_4.webp,BARBARIS_1 (4).webp,500,BARBARIS_1 (4).webp,,,
755,images/photo_2025-06-26_18-35-36.jpg,BAZILIK_photo_2025-06-26_18-35-36.jpg,501,BAZILIK_photo_2025-06-26_18-35-36.jpg,,,
758,images/photo_2025-06-26_18-41-12.jpg,GRANADA_photo_2025-06-26_18-41-12.jpg,504,GRANADA_photo_2025-06-26_18-41-12.jpg,,,
759,images/photo_2025-06-26_19-14-15.jpg,KOKOS BOLAKCHALARI_photo_2025-06-26_19-14-15.jpg,505,KOKOS BOLAKCHALARI_photo_2025-06-26_19-14-15.jpg,,,
760,images/2.webp,BUTUN QORA MURCH_2.webp,506,BUTUN QORA MURCH_2.webp,,,
761,images/7.webp,QORA EZILGAN MURCH_7.webp,507,QORA EZILGAN MURCH_7.webp,,,
763,images/photo_2025-06-26_19-26-08.jpg,UNIVERSAL PRIPRAVA_photo_2025-06-26_19-26-08.jpg,509,UNIVERSAL PRIPRAVA_photo_2025-06-26_19-26-08.jpg,,,
764,images/9.jpg,QURITILGAN BARG_9.jpg,510,QURITILGAN BARG_9.jpg,,,
766,images/photo_2025-06-26_19-35-37.jpg,LIONAYA KISLOTA_photo_2025-06-26_19-35-37.jpg,512,LIONAYA KISLOTA_photo_2025-06-26_19-35-37.jpg,,,
767,images/photo_2025-06-26_19-36-42.jpg,DROJA_photo_2025-06-26_19-36-42.jpg,513,DROJA_photo_2025-06-26_19-36-42.jpg,,,
768,images/1_6.webp,KORITSA_1 (6).webp,514,KORITSA_1 (6).webp,,,
769,images/photo_2025-06-26_19-45-21.jpg,ZIRA 1KG_photo_2025-06-26_19-45-21.jpg,515,ZIRA 1KG_photo_2025-06-26_19-45-21.jpg,,,
770,images/photo_2025-06-26_19-47-47.jpg,ZIRA SARAH 1KG_photo_2025-06-26_19-47-47.jpg,516,ZIRA SARAH 1KG_photo_2025-06-26_19-47-47.jpg,,,
771,images/photo_2025-06-26_19-50-26.jpg,vital choy_photo_2025-06-26_19-50-26.jpg,517,vital choy_photo_2025-06-26_19-50-26.jpg,,,
774,images/photo_2025-06-26_19-55-23.jpg,ZIRA 450GR_photo_2025-06-26_19-55-23.jpg,520,ZIRA 450GR_photo_2025-06-26_19-55-23.jpg,,,
775,images/photo_2025-06-26_19-58-16.jpg,MOL BULYONI_photo_2025-06-26_19-58-16.jpg,521,MOL BULYONI_photo_2025-06-26_19-58-16.jpg,,,
776,images/photo_2025-06-26_19-59-15.jpg,TOVUQ BULYONI_photo_2025-06-26_19-59-15.jpg,522,TOVUQ BULYONI_photo_2025-06-26_19-59-15.jpg,,,
777,images/photo_2025-06-26_20-02-07.jpg,BERGAMOTLI QORA CHOY_photo_2025-06-26_20-02-07.jpg,523,BERGAMOTLI QORA CHOY_photo_2025-06-26_20-02-07.jpg,,,
779,images/photo_2025-07-18_21-10-45.jpg,ORBIT_photo_2025-07-18_21-10-45.jpg,525,ORBIT_photo_2025-07-18_21-10-45.jpg,,,
780,images/photo_2025-07-18_21-10-45_OzWZnOS.jpg,ORBIT_photo_2025-07-18_21-10-45.jpg,526,ORBIT_photo_2025-07-18_21-10-45.jpg,,,
928,images/beseda_vanil.jpg,Beseda palochki vanil_beseda vanil.jpg,669,Beseda palochki vanil_beseda vanil.jpg,,,
995,images/QORA_CHOY_100TALIK.jpg,QORA CHOY 100 DONALIK_QORA CHOY 100TALIK.jpg,736,QORA CHOY 100 DONALIK_QORA CHOY 100TALIK.jpg,,,
782,images/perya.jpg,MAKFA PERYA_perya.jpg,528,MAKFA PERYA_perya.jpg,,,
784,images/spial.jpg,MAKFA SPITAL_spial.jpg,530,MAKFA SPITAL_spial.jpg,,,
785,images/rakushka.jpg,MAKFA RAKUSHKA_rakushka.jpg,531,MAKFA RAKUSHKA_rakushka.jpg,,,
786,images/spagetti_OwOjFij.jpg,MAKFA SPAGETTI_spagetti.jpg,532,MAKFA SPAGETTI_spagetti.jpg,,,
787,images/spagetti_AOFAJay.jpg,MAKFA SPAGETTI_spagetti.jpg,533,MAKFA SPAGETTI_spagetti.jpg,,,
788,images/GNEZDA.jpg,MAKFA GNEZDA_GNEZDA.jpg,534,MAKFA GNEZDA_GNEZDA.jpg,,,
789,images/PERYA_700.jpg,MAKIZ PERYA 700GR_PERYA 700.jpg,535,MAKIZ PERYA 700GR_PERYA 700.jpg,,,
791,images/photo_2025-07-22_20-40-15.jpg,SAR PRUJINA_photo_2025-07-22_20-40-15.jpg,537,SAR PRUJINA_photo_2025-07-22_20-40-15.jpg,,,
792,images/photo_2025-07-22_20-40-59.jpg,SAR VERMISHEL_photo_2025-07-22_20-40-59.jpg,538,SAR VERMISHEL_photo_2025-07-22_20-40-59.jpg,,,
793,images/photo_2025-07-22_20-41-36.jpg,SAR VITKI_photo_2025-07-22_20-41-36.jpg,539,SAR VITKI_photo_2025-07-22_20-41-36.jpg,,,
794,images/photo_2025-07-22_20-42-59.jpg,MAKIZ SHILPILDOQ_photo_2025-07-22_20-42-59.jpg,540,MAKIZ SHILPILDOQ_photo_2025-07-22_20-42-59.jpg,,,
795,images/1_Cy9Wuam.jpg,RICO PASTA SPAGETTI_1.jpg,541,RICO PASTA SPAGETTI_1.jpg,,,
796,images/2.jpg,RICCO PERYA MAKARON_2.jpg,542,RICCO PERYA MAKARON_2.jpg,,,
929,images/margarin.jpg,Margarin_margarin.jpg,670,Margarin_margarin.jpg,,,
930,images/glister_zubnaya_pasta.jpg,Tish pastasi glister_glister zubnaya pasta.jpg,671,Tish pastasi glister_glister zubnaya pasta.jpg,,,
799,images/photo_2025-07-23_17-10-02.jpg,RICCO SEBZELI BURGU_photo_2025-07-23_17-10-02.jpg,545,RICCO SEBZELI BURGU_photo_2025-07-23_17-10-02.jpg,,,
931,images/kir_sovun.jpg,KIr sovun_kir sovun.jpg,672,KIr sovun_kir sovun.jpg,,,
801,images/GOSHT.jpg,MOL MUSHAK 4KG_GOSHT.jpg,452,MOL MUSHAK 4KG_GOSHT.jpg,,,
802,images/950.jpg,ALMONDS 950 GR_950.jpg,547,ALMONDS 950 GR_950.jpg,,,
805,images/anjir.jpg,QURITILGAN ANJIR 1KG_anjir.jpg,550,QURITILGAN ANJIR 1KG_anjir.jpg,,,
806,images/penuts.jpg,PEANUTS 1.6 KG_penuts.jpg,551,PEANUTS 1.6 KG_penuts.jpg,,,
807,images/raisin.jpg,OSH MAYIZ_raisin.jpg,552,OSH MAYIZ_raisin.jpg,,,
810,images/wallnut_katta.jpg,YONG'OQ 1.36 KG_wallnut katta.jpg,555,YONG'OQ 1.36 KG_wallnut katta.jpg,,,
811,images/wallnut.jpg,SAFO YONG'OQ 0.5KG_wallnut.jpg,556,SAFO YONG'OQ 0.5KG_wallnut.jpg,,,
812,images/bodom_Occg9FK.jpg,SAFO BODOM 0.5KG_bodom.jpg,557,SAFO BODOM 0.5KG_bodom.jpg,,,
814,images/mayiz.jpg,SAFO MAYIZ 0.5_mayiz.jpg,559,SAFO MAYIZ 0.5_mayiz.jpg,,,
815,images/sabzi_sariq.jpg,SARIQ SABZI_sabzi sariq.jpg,560,SARIQ SABZI_sabzi sariq.jpg,,,
816,images/UVELKA_GOROX.jpg,UVELLKA GOROX 800GR_UVELKA GOROX.jpg,561,UVELLKA GOROX 800GR_UVELKA GOROX.jpg,,,
817,images/UVELKA_PERLOVKA.jpg,UVELKA PERLOVKA_UVELKA PERLOVKA.jpg,562,UVELKA PERLOVKA_UVELKA PERLOVKA.jpg,,,
820,images/LAYS_SME_LUK.jpg,LAYS SMETANA I LUK_LAYS SME LUK.jpg,565,LAYS SMETANA I LUK_LAYS SME LUK.jpg,,,
821,images/SME_ZELEN.jpg,LAYS ZELYONIY_SME ZELEN.jpg,566,LAYS ZELYONIY_SME ZELEN.jpg,,,
823,images/YASHIL_LUK.jpg,LAYZ ZELYONIY I LUK_YASHIL LUK.jpg,568,LAYZ ZELYONIY I LUK_YASHIL LUK.jpg,,,
825,images/SHASHLIK.jpg,LAYS SHASHLIK_SHASHLIK.jpg,570,LAYS SHASHLIK_SHASHLIK.jpg,,,
827,images/UVELKA_KASHA.jpg,UVELKA MANNAYA KASHA_UVELKA KASHA.jpg,572,UVELKA MANNAYA KASHA_UVELKA KASHA.jpg,,,
828,images/OVS_KASHA.jpg,UVELKA OVSYANNAYA KASHA_OVS KASHA.jpg,573,UVELKA OVSYANNAYA KASHA_OVS KASHA.jpg,,,
830,images/KASHKA_MINUTKA_MALINA.jpg,KASHA KASHKA MINUTKA MALINA_KASHKA MINUTKA MALINA.jpg,575,KASHA KASHKA MINUTKA MALINA_KASHKA MINUTKA MALINA.jpg,,,
831,images/SMORODINA.jpg,KASHA KASHKA MINUTKA SMORODINA_SMORODINA.jpg,576,KASHA KASHKA MINUTKA SMORODINA_SMORODINA.jpg,,,
832,images/GILOS.jpg,KASHA KASHKA MINUTKA GILOS_GILOS.jpg,577,KASHA KASHKA MINUTKA GILOS_GILOS.jpg,,,
843,images/MAKKA_JOXORI.jpg,BURCU MAKKA JOXORI 200GR_MAKKA JOXORI.jpg,588,BURCU MAKKA JOXORI 200GR_MAKKA JOXORI.jpg,,,
932,images/xutoy_semechka.jpg,Xitoy semechka tuzli_xutoy semechka.jpg,673,Xitoy semechka tuzli_xutoy semechka.jpg,,,
933,images/xitoy_tuz.jpg,Xitoy semechka tuzsiz 260gr_xitoy tuz.jpg,674,Xitoy semechka tuzsiz 260gr_xitoy tuz.jpg,,,
934,images/ermak_oq_tuzli.jpg,Ermak oq tuzli semechka_ermak oq tuzli.jpg,675,Ermak oq tuzli semechka_ermak oq tuzli.jpg,,,
935,images/ermak_tuzlo_qora.jpg,Ermak semechka qora tuzli_ermak tuzlo qora.jpg,676,Ermak semechka qora tuzli_ermak tuzlo qora.jpg,,,
936,images/friko_sir.jpg,Frico sir_friko sir.jpg,677,Frico sir_friko sir.jpg,,,
996,images/TCHIBO_14500.jpg,TCHIBO KOFE_TCHIBO 14500.jpg,737,TCHIBO KOFE_TCHIBO 14500.jpg,,,
1081,images/dizzy_8VfNqjS.jpg,Dizzy energetik_dizzy.jpg,818,Dizzy energetik_dizzy.jpg,,,
1082,images/tovuq_rol.jpg,Tovuqli Rollton_tovuq rol.jpg,819,Tovuqli Rollton_tovuq rol.jpg,,,
1083,images/rolton_kichi.jpg,"Rollton kimchilik_rolton ki,chi.jpg",820,"Rollton kimchilik_rolton ki,chi.jpg",,,
1084,images/golina_blana_tovuq.jpg,Galinablanka tovuq donalik_golina blana tovuq.jpg,821,Galinablanka tovuq donalik_golina blana tovuq.jpg,,,
1085,images/galinablanka_mol.jpg,Galinablanka mol donalik_galinablanka mol.jpg,822,Galinablanka mol donalik_galinablanka mol.jpg,,,
1086,images/barbikan_anor.jpg,Barbikan anor_barbikan anor.jpg,823,Barbikan anor_barbikan anor.jpg,,,
1087,images/bugdoy.jpg,Barbikam bug'doy_bugdoy.jpg,824,Barbikam bug'doy_bugdoy.jpg,,,
1088,images/shaftoli.jpg,Barbikan shaftoli_shaftoli.jpg,825,Barbikan shaftoli_shaftoli.jpg,,,
1089,images/dyushe_s.jpg,Natakhtari dyushes_dyushe s.jpg,826,Natakhtari dyushes_dyushe s.jpg,,,
1090,images/na_rtarxun.jpg,Natakhtari tarxun_na rtarxun.jpg,827,Natakhtari tarxun_na rtarxun.jpg,,,
1091,images/flavis.jpg,Flavis anor_flavis.jpg,828,Flavis anor_flavis.jpg,,,
1092,images/flavis_jFJEpoF.jpg,Flavis lime_flavis.jpg,829,Flavis lime_flavis.jpg,,,
1093,images/flavis_b6cnoWh.jpg,Flavis nok_flavis.jpg,830,Flavis nok_flavis.jpg,,,
1094,images/flavis_ytjSyXD.jpg,Flavis klubnika_flavis.jpg,831,Flavis klubnika_flavis.jpg,,,
1095,images/sarah.jpg,Sarah basmati guruch 1kg_sarah.jpg,832,Sarah basmati guruch 1kg_sarah.jpg,,,
1096,images/photo_2026-01-16_16-24-14.jpg,Bonlife Yog' 5L_photo_2026-01-16_16-24-14.jpg,833,Bonlife Yog' 5L_photo_2026-01-16_16-24-14.jpg,,,
1097,images/photo_2026-01-16_16-24-14_sH0RR6O.jpg,Bonlife Yog' 3L_photo_2026-01-16_16-24-14.jpg,834,Bonlife Yog' 3L_photo_2026-01-16_16-24-14.jpg,,,
1099,images/photo_2026-01-28_20-17-33.jpg,Halal Butun tovuq 1+1=2 DONASI_photo_2026-01-28_20-17-33.jpg,188,Halal Butun tovuq 1+1=2 DONASI_photo_2026-01-28_20-17-33.jpg,,,
1100,images/photo_2026-01-28_20-08-15_biUldO1.jpg,Halal Butun tovuq 1+1=2 DONASI_photo_2026-01-28_20-08-15.jpg,188,Halal Butun tovuq 1+1=2 DONASI_photo_2026-01-28_20-08-15.jpg,,,
1101,images/qoy_dumma_kopi.jpg,Qo'y dumba_qoy dumma kopi.jpg,203,Qo'y dumba_qoy dumma kopi.jpg,,,
1102,images/qoy_dumba_1talik.jpg,Qo'y dumba_qoy dumba 1talik.jpg,203,Qo'y dumba_qoy dumba 1talik.jpg,,,
1103,images/qoy_buyin_1talik.jpg,QO'Y BO'YIN_qoy buyin 1talik.jpg,14,QO'Y BO'YIN_qoy buyin 1talik.jpg,,,
1104,images/qoy_buyin_kesilgan_butun.jpg,QO'Y BO'YIN_qoy buyin kesilgan butun.jpg,14,QO'Y BO'YIN_qoy buyin kesilgan butun.jpg,,,
1113,images/tovuq_boldir_oldi_aozb7uC.jpg,Tovuq boldir 2.5kg_tovuq boldir oldi.jpg,224,Tovuq boldir 2.5kg_tovuq boldir oldi.jpg,,,
1119,images/photo_2026-01-30_20-34-38_hmsrnUu.jpg,Mol quvurg'a_photo_2026-01-30_20-34-38.jpg,13,Mol quvurg'a_photo_2026-01-30_20-34-38.jpg,,,
1120,images/photo_2026-01-30_20-34-36_Kt3Fjzb.jpg,Mol quvurg'a_photo_2026-01-30_20-34-36.jpg,13,Mol quvurg'a_photo_2026-01-30_20-34-36.jpg,,,
1121,images/photo_2026-01-30_20-34-33_NZ0zHRQ.jpg,Mol quvurg'a_photo_2026-01-30_20-34-33.jpg,13,Mol quvurg'a_photo_2026-01-30_20-34-33.jpg,,,
1122,images/photo_2026-01-30_21-02-07.jpg,Mol ichki son yog'siz_photo_2026-01-30_21-02-07.jpg,185,Mol ichki son yog'siz_photo_2026-01-30_21-02-07.jpg,,,
1123,images/photo_2026-01-30_21-02-03.jpg,Mol ichki son yog'siz_photo_2026-01-30_21-02-03.jpg,185,Mol ichki son yog'siz_photo_2026-01-30_21-02-03.jpg,,,
1124,images/photo_2026-01-30_21-12-35.jpg,Mol orqa son_photo_2026-01-30_21-12-35.jpg,35,Mol orqa son_photo_2026-01-30_21-12-35.jpg,,,
1125,images/photo_2026-01-30_21-12-33.jpg,Mol orqa son_photo_2026-01-30_21-12-33.jpg,35,Mol orqa son_photo_2026-01-30_21-12-33.jpg,,,
1126,images/photo_2026-02-01_13-54-41.jpg,Mol oldi son_photo_2026-02-01_13-54-41.jpg,36,Mol oldi son_photo_2026-02-01_13-54-41.jpg,,,
1127,images/photo_2026-02-01_13-54-40.jpg,Mol oldi son_photo_2026-02-01_13-54-40.jpg,36,Mol oldi son_photo_2026-02-01_13-54-40.jpg,,,
1128,images/photo_2026-02-01_13-54-37.jpg,NON_photo_2026-02-01_13-54-37.jpg,228,NON_photo_2026-02-01_13-54-37.jpg,,,
1129,images/photo_2026-02-01_16-30-37.jpg,Qo' napis qovurg'a_photo_2026-02-01_16-30-37.jpg,813,Qo' napis qovurg'a_photo_2026-02-01_16-30-37.jpg,,,
1130,images/photo_2026-02-01_16-30-26.jpg,Qo' napis qovurg'a_photo_2026-02-01_16-30-26.jpg,813,Qo' napis qovurg'a_photo_2026-02-01_16-30-26.jpg,,,
1131,images/photo_2026-02-01_16-30-22.jpg,Qo' napis qovurg'a_photo_2026-02-01_16-30-22.jpg,813,Qo' napis qovurg'a_photo_2026-02-01_16-30-22.jpg,,,
1132,images/photo_2026-02-01_17-05-25.jpg,Mol Steyk lahm_photo_2026-02-01_17-05-25.jpg,814,Mol Steyk lahm_photo_2026-02-01_17-05-25.jpg,,,
1133,images/photo_2026-02-01_17-05-24.jpg,Mol Steyk lahm_photo_2026-02-01_17-05-24.jpg,814,Mol Steyk lahm_photo_2026-02-01_17-05-24.jpg,,,
1134,images/photo_2026-02-01_17-05-22.jpg,Mol Steyk lahm_photo_2026-02-01_17-05-22.jpg,814,Mol Steyk lahm_photo_2026-02-01_17-05-22.jpg,,,
1137,images/photo_2026-02-01_18-20-50_n5LxovJ.jpg,Qo'y orqa son lahm_photo_2026-02-01_18-20-50.jpg,815,Qo'y orqa son lahm_photo_2026-02-01_18-20-50.jpg,,,
1138,images/photo_2026-02-01_18-20-47_GznrjoN.jpg,Qo'y orqa son lahm_photo_2026-02-01_18-20-47.jpg,815,Qo'y orqa son lahm_photo_2026-02-01_18-20-47.jpg,,,
